[
    {
        "equipmentId": "DB37BA44EBC9476890CDB1304A46C9AD",
        "name": "Model_1902_2ndApril-Equipment",
        "internalId": "Model_1902_2ndApril-Equipment",
        "status": "3",
        "statusDescription": "In Revision",
        "version": 2.0,
        "hasInRevision": "1",
        "modelId": "6D6861F7561540E19BC6A588AB853861",
        "modelName": "Model_1902_2ndApril",
        "shortDescription": "Model_1902_2ndApril-Equipmenta",
        "templateId": "6DAD07501AA3ED8A16008C06E004EFFC",
        "subclass": "measuring_instrument_flow_volume",
        "modelTemplate": "coriolis_mass_flow_transmitter",
        "location": "VIB_TEST_UelWgZiu5G",
        "criticalityCode": null,
        "criticalityDescription": null,
        "manufacturer": "Pumps Ltd",
        "completeness": 87.0,
        "createdOn": 1554336000000,
        "changedOn": 1589500800000,
        "publishedOn": 1554249600000,
        "serialNumber": null,
        "batchNumber": null,
        "tagNumber": null,
        "lifeCycle": "9",
        "lifeCycleDescription": "Not Operational",
        "source": "DCA Manu",
        "imageURL": "3DC79573482040FF9A7C9F7EF09CF36B",
        "operator": "DCA Manu",
        "coordinates": null,
        "installationDate": 1554163200000,
        "equipmentStatus": null,
        "buildDate": null,
        "isOperatorValid": "true",
        "modelVersion": 0.0,
        "soldTo": null,
        "image": null,
        "consume": "1",
        "dealer": null,
        "serviceProvider": null,
        "primaryExternalId": null,
        "equipmentSearchTerms": null,
        "sourceSearchTerms": "[SAAS TENANT]DCA Manufacturer,DCA Manu",
        "manufacturerSearchTerms": "Pumps Ltd",
        "operatorSearchTerms": "[SAAS TENANT]DCA Manufacturer,DCA Manu",
        "class": "process_measurement_technology"
    },
    {
        "equipmentId": "8C203E79E1E543D780051826E526A651",
        "name": "EQUIP_USAGE",
        "internalId": "EQUIP_USAGE",
        "status": "2",
        "statusDescription": "Published",
        "version": 2.0,
        "hasInRevision": "0",
        "modelId": null,
        "modelName": null,
        "shortDescription": "EQUIP_USAGE",
        "templateId": null,
        "subclass": null,
        "modelTemplate": null,
        "location": null,
        "criticalityCode": null,
        "criticalityDescription": null,
        "manufacturer": null,
        "completeness": 41.0,
        "createdOn": 1585699200000,
        "changedOn": 1589500800000,
        "publishedOn": 1589500800000,
        "serialNumber": null,
        "batchNumber": null,
        "tagNumber": null,
        "lifeCycle": "1",
        "lifeCycleDescription": "Planned",
        "source": "dca-unified[213213]",
        "imageURL": null,
        "operator": "dca-unified[213213]",
        "coordinates": null,
        "installationDate": null,
        "equipmentStatus": null,
        "buildDate": null,
        "isOperatorValid": "true",
        "modelVersion": null,
        "soldTo": null,
        "image": null,
        "consume": "1",
        "dealer": null,
        "serviceProvider": null,
        "primaryExternalId": null,
        "equipmentSearchTerms": null,
        "sourceSearchTerms": "dca-unified,dca-unified[213213],dnmcvndfb,,dcndbjhc,",
        "manufacturerSearchTerms": null,
        "operatorSearchTerms": "dca-unified,dca-unified[213213],dnmcvndfb,,dcndbjhc,",
        "class": null
    },
    {
        "equipmentId": "4BD34EB7BF1042119A060476E36BA8D0",
        "name": "EQU-HF-SK-01",
        "internalId": "EQU-HF-SK-01",
        "status": "2",
        "statusDescription": "Published",
        "version": 0.0,
        "hasInRevision": "0",
        "modelId": null,
        "modelName": null,
        "shortDescription": "EQU-HF-SK-01",
        "templateId": null,
        "subclass": null,
        "modelTemplate": null,
        "location": null,
        "criticalityCode": null,
        "criticalityDescription": null,
        "manufacturer": null,
        "completeness": 37.0,
        "createdOn": 1585699200000,
        "changedOn": 1589500800000,
        "publishedOn": 1589500800000,
        "serialNumber": null,
        "batchNumber": null,
        "tagNumber": null,
        "lifeCycle": "6",
        "lifeCycleDescription": "Partially Operational",
        "source": "dca-unified[213213]",
        "imageURL": null,
        "operator": "dca-unified[213213]",
        "coordinates": null,
        "installationDate": null,
        "equipmentStatus": null,
        "buildDate": null,
        "isOperatorValid": "true",
        "modelVersion": null,
        "soldTo": null,
        "image": null,
        "consume": "1",
        "dealer": null,
        "serviceProvider": null,
        "primaryExternalId": null,
        "equipmentSearchTerms": null,
        "sourceSearchTerms": "dca-unified,dca-unified[213213],dnmcvndfb,,dcndbjhc,",
        "manufacturerSearchTerms": null,
        "operatorSearchTerms": "dca-unified,dca-unified[213213],dnmcvndfb,,dcndbjhc,",
        "class": null
    },
    {
        "equipmentId": "204E6EA8299842718B7FB10006CECD8E",
        "name": "YoNewTEst",
        "internalId": "YoNewTEst",
        "status": "2",
        "statusDescription": "Published",
        "version": 0.0,
        "hasInRevision": "0",
        "modelId": "FE2AAFDE2084444A83BC04C86E1EA94C",
        "modelName": "MCMmay6manuf",
        "shortDescription": "YoNewTEst",
        "templateId": "AE94244DD22446DEA7CBAC07117BC3B6",
        "subclass": null,
        "modelTemplate": "MCMMay6",
        "location": "FLOC-TAM-ZB-01",
        "criticalityCode": null,
        "criticalityDescription": null,
        "manufacturer": "SAP SE",
        "completeness": 58.0,
        "createdOn": 1588896000000,
        "changedOn": 1589500800000,
        "publishedOn": 1589500800000,
        "serialNumber": null,
        "batchNumber": null,
        "tagNumber": null,
        "lifeCycle": "1",
        "lifeCycleDescription": "Planned",
        "source": "dca-unified[213213]",
        "imageURL": null,
        "operator": "dca-unified[213213]",
        "coordinates": null,
        "installationDate": 1588896000000,
        "equipmentStatus": null,
        "buildDate": null,
        "isOperatorValid": "true",
        "modelVersion": 3.0,
        "soldTo": null,
        "image": null,
        "consume": "1",
        "dealer": null,
        "serviceProvider": null,
        "primaryExternalId": null,
        "equipmentSearchTerms": null,
        "sourceSearchTerms": "dca-unified,dca-unified[213213],dnmcvndfb,,dcndbjhc,",
        "manufacturerSearchTerms": "SAP SE,SAP SE",
        "operatorSearchTerms": "dca-unified,dca-unified[213213],dnmcvndfb,,dcndbjhc,",
        "class": null
    },
    {
        "equipmentId": "8FD15D1AF9D7495E832ADAB42D757C1A",
        "name": "*",
        "internalId": "*",
        "status": "2",
        "statusDescription": "Published",
        "version": 2.0,
        "hasInRevision": "0",
        "modelId": "0043C40D222F40FB88A325A89F89465E",
        "modelName": "MODEL_6March_HF_INV",
        "shortDescription": "EQU-1APR-SK",
        "templateId": "CBD58854A1F145D98A744C0AFEB9B70E",
        "subclass": null,
        "modelTemplate": "ModelTemplate_25FEB_01",
        "location": null,
        "criticalityCode": null,
        "criticalityDescription": null,
        "manufacturer": "Terrific O&G",
        "completeness": 41.0,
        "createdOn": 1585699200000,
        "changedOn": 1589500800000,
        "publishedOn": 1589500800000,
        "serialNumber": "HF-1stApril-!@#",
        "batchNumber": "HF-1stApril-!@#",
        "tagNumber": null,
        "lifeCycle": "1",
        "lifeCycleDescription": "Planned",
        "source": "dca-unified[213213]",
        "imageURL": null,
        "operator": "dca-unified[213213]",
        "coordinates": null,
        "installationDate": null,
        "equipmentStatus": null,
        "buildDate": null,
        "isOperatorValid": "true",
        "modelVersion": 1.0,
        "soldTo": null,
        "image": null,
        "consume": "1",
        "dealer": null,
        "serviceProvider": null,
        "primaryExternalId": null,
        "equipmentSearchTerms": null,
        "sourceSearchTerms": "dca-unified,dca-unified[213213],dnmcvndfb,,dcndbjhc,",
        "manufacturerSearchTerms": "Terrific Oil & Gas Corporation,Terrific O&G",
        "operatorSearchTerms": "dca-unified,dca-unified[213213],dnmcvndfb,,dcndbjhc,",
        "class": null
    },
    {
        "equipmentId": "803A84E80BFE468C902D84F6894BEA35",
        "name": "I_HAVE_BUG",
        "internalId": "I_HAVE_BUG",
        "status": "2",
        "statusDescription": "Published",
        "version": 3.0,
        "hasInRevision": "0",
        "modelId": null,
        "modelName": "123213213",
        "shortDescription": "I_HAVE_BUG",
        "templateId": null,
        "subclass": null,
        "modelTemplate": null,
        "location": null,
        "criticalityCode": null,
        "criticalityDescription": null,
        "manufacturer": "7878787",
        "completeness": 54.0,
        "createdOn": 1588896000000,
        "changedOn": 1589500800000,
        "publishedOn": 1589500800000,
        "serialNumber": null,
        "batchNumber": null,
        "tagNumber": null,
        "lifeCycle": "1",
        "lifeCycleDescription": "Planned",
        "source": "dca-unified[213213]",
        "imageURL": null,
        "operator": "dca-unified[213213]",
        "coordinates": null,
        "installationDate": null,
        "equipmentStatus": null,
        "buildDate": null,
        "isOperatorValid": "true",
        "modelVersion": null,
        "soldTo": null,
        "image": null,
        "consume": "1",
        "dealer": null,
        "serviceProvider": null,
        "primaryExternalId": null,
        "equipmentSearchTerms": null,
        "sourceSearchTerms": "dca-unified,dca-unified[213213],dnmcvndfb,,dcndbjhc,",
        "manufacturerSearchTerms": null,
        "operatorSearchTerms": "dca-unified,dca-unified[213213],dnmcvndfb,,dcndbjhc,",
        "class": null
    },
    {
        "equipmentId": "0BA3619BBC1F49B9ABE4E983F5179A64",
        "name": "YoTest[+",
        "internalId": "YoTest[+",
        "status": "2",
        "statusDescription": "Published",
        "version": 0.0,
        "hasInRevision": "0",
        "modelId": null,
        "modelName": null,
        "shortDescription": "YoTest[+",
        "templateId": null,
        "subclass": null,
        "modelTemplate": null,
        "location": null,
        "criticalityCode": null,
        "criticalityDescription": null,
        "manufacturer": null,
        "completeness": 64.0,
        "createdOn": 1589155200000,
        "changedOn": 1589500800000,
        "publishedOn": 1589500800000,
        "serialNumber": null,
        "batchNumber": null,
        "tagNumber": null,
        "lifeCycle": "1",
        "lifeCycleDescription": "Planned",
        "source": "dca-unified[213213]",
        "imageURL": null,
        "operator": "dca-unified[213213]",
        "coordinates": null,
        "installationDate": null,
        "equipmentStatus": null,
        "buildDate": null,
        "isOperatorValid": "true",
        "modelVersion": null,
        "soldTo": null,
        "image": null,
        "consume": "1",
        "dealer": null,
        "serviceProvider": null,
        "primaryExternalId": null,
        "equipmentSearchTerms": null,
        "sourceSearchTerms": "dca-unified,dca-unified[213213],dnmcvndfb,,dcndbjhc,",
        "manufacturerSearchTerms": null,
        "operatorSearchTerms": "dca-unified,dca-unified[213213],dnmcvndfb,,dcndbjhc,",
        "class": null
    },
    {
        "equipmentId": "0D83F243E60F421FA34FF018A27D0074",
        "name": "leanEquip_HFleanEquip_HF",
        "internalId": "leanEquip_HFleanEquip_HF",
        "status": "2",
        "statusDescription": "Published",
        "version": 2.0,
        "hasInRevision": "0",
        "modelId": "0DBD88BD5AB349E1BF2573DECDC435FE",
        "modelName": "MODEL_24OCT_NI_1",
        "shortDescription": "leanEquip_HF",
        "templateId": "C42155DC63924E98B5B6B1247C7D9009",
        "subclass": null,
        "modelTemplate": "sadsa_gd_01",
        "location": null,
        "criticalityCode": null,
        "criticalityDescription": null,
        "manufacturer": "Terrific O&G",
        "completeness": 34.0,
        "createdOn": 1589155200000,
        "changedOn": 1589500800000,
        "publishedOn": 1589500800000,
        "serialNumber": "",
        "batchNumber": "",
        "tagNumber": null,
        "lifeCycle": "1",
        "lifeCycleDescription": "Planned",
        "source": "dca-unified[213213]",
        "imageURL": null,
        "operator": "dca-unified[213213]",
        "coordinates": null,
        "installationDate": null,
        "equipmentStatus": null,
        "buildDate": null,
        "isOperatorValid": "true",
        "modelVersion": 0.0,
        "soldTo": null,
        "image": null,
        "consume": "1",
        "dealer": null,
        "serviceProvider": null,
        "primaryExternalId": null,
        "equipmentSearchTerms": null,
        "sourceSearchTerms": "dca-unified,dca-unified[213213],dnmcvndfb,,dcndbjhc,",
        "manufacturerSearchTerms": "Terrific Oil & Gas Corporation,Terrific O&G",
        "operatorSearchTerms": "dca-unified,dca-unified[213213],dnmcvndfb,,dcndbjhc,",
        "class": null
    },
    {
        "equipmentId": "B159547A65A74E87B2804B66AA8D267A",
        "name": "Staging_Retest_e2e_Model-Equipment4",
        "internalId": "Staging_Retest_e2e_Model-Equipment4",
        "status": "2",
        "statusDescription": "Published",
        "version": 0.0,
        "hasInRevision": "0",
        "modelId": "76AE4DB76FC24E9FAA38BF929CF41DDF",
        "modelName": "Staging_Retest_e2e_Model",
        "shortDescription": "Staging_Retest_e2e_",
        "templateId": "C6FE39960EA443609367EE2FEA047452",
        "subclass": null,
        "modelTemplate": "Staging_Retest_e2e_Temp",
        "location": null,
        "criticalityCode": null,
        "criticalityDescription": null,
        "manufacturer": "Terrific O&G",
        "completeness": 8.0,
        "createdOn": 1589328000000,
        "changedOn": 1589328000000,
        "publishedOn": 1589328000000,
        "serialNumber": null,
        "batchNumber": null,
        "tagNumber": null,
        "lifeCycle": "1",
        "lifeCycleDescription": "Planned",
        "source": "DCA Manu",
        "imageURL": null,
        "operator": "DCA Manu",
        "coordinates": null,
        "installationDate": null,
        "equipmentStatus": null,
        "buildDate": null,
        "isOperatorValid": "true",
        "modelVersion": 0.0,
        "soldTo": null,
        "image": null,
        "consume": "1",
        "dealer": null,
        "serviceProvider": null,
        "primaryExternalId": null,
        "equipmentSearchTerms": null,
        "sourceSearchTerms": "[SAAS TENANT]DCA Manufacturer,DCA Manu",
        "manufacturerSearchTerms": "Terrific Oil & Gas Corporation,Terrific O&G",
        "operatorSearchTerms": "[SAAS TENANT]DCA Manufacturer,DCA Manu",
        "class": null
    },
    {
        "equipmentId": "7A9C0735073445069A1F1956B95EC562",
        "name": "EQU-11MAR-SM",
        "internalId": "EQU-11MAR-SM",
        "status": "2",
        "statusDescription": "Published",
        "version": 0.0,
        "hasInRevision": "0",
        "modelId": null,
        "modelName": "EQU-11MAR-SM",
        "shortDescription": "EQU-11MAR-SM",
        "templateId": null,
        "subclass": null,
        "modelTemplate": null,
        "location": "FLOC-SVB-TA-92",
        "criticalityCode": null,
        "criticalityDescription": null,
        "manufacturer": "Krones AG",
        "completeness": 54.0,
        "createdOn": 1589155200000,
        "changedOn": 1589155200000,
        "publishedOn": 1589155200000,
        "serialNumber": null,
        "batchNumber": null,
        "tagNumber": null,
        "lifeCycle": "1",
        "lifeCycleDescription": "Planned",
        "source": "dca-unified[213213]",
        "imageURL": null,
        "operator": "dca-unified[213213]",
        "coordinates": null,
        "installationDate": 1589155200000,
        "equipmentStatus": null,
        "buildDate": null,
        "isOperatorValid": "true",
        "modelVersion": null,
        "soldTo": null,
        "image": null,
        "consume": "1",
        "dealer": null,
        "serviceProvider": null,
        "primaryExternalId": null,
        "equipmentSearchTerms": null,
        "sourceSearchTerms": "dca-unified,dca-unified[213213],dnmcvndfb,,dcndbjhc,",
        "manufacturerSearchTerms": "Krones AG,Krones",
        "operatorSearchTerms": "dca-unified,dca-unified[213213],dnmcvndfb,,dcndbjhc,",
        "class": null
    },
    {
        "equipmentId": "ED227DD601F94EC3A70F7FA80DEB4151",
        "name": "Model_9MAY_01-Equipment01",
        "internalId": "Model_9MAY_01-Equipment01",
        "status": "2",
        "statusDescription": "Published",
        "version": 0.0,
        "hasInRevision": "0",
        "modelId": "604692C025FF4B02AC9259F671554F5D",
        "modelName": "Model_9MAY_01",
        "shortDescription": "Model_9MAY_01",
        "templateId": "35BDE1B407404226A724F942C14D0B8E",
        "subclass": null,
        "modelTemplate": "TEMP_7MAY_SK",
        "location": null,
        "criticalityCode": null,
        "criticalityDescription": null,
        "manufacturer": "Krones AG",
        "completeness": 58.0,
        "createdOn": 1589155200000,
        "changedOn": 1589155200000,
        "publishedOn": 1589155200000,
        "serialNumber": null,
        "batchNumber": null,
        "tagNumber": null,
        "lifeCycle": "1",
        "lifeCycleDescription": "Planned",
        "source": "dca-unified[213213]",
        "imageURL": null,
        "operator": "dca-unified[213213]",
        "coordinates": null,
        "installationDate": null,
        "equipmentStatus": null,
        "buildDate": null,
        "isOperatorValid": "true",
        "modelVersion": 1.0,
        "soldTo": null,
        "image": null,
        "consume": "1",
        "dealer": null,
        "serviceProvider": null,
        "primaryExternalId": null,
        "equipmentSearchTerms": null,
        "sourceSearchTerms": "dca-unified,dca-unified[213213],dnmcvndfb,,dcndbjhc,",
        "manufacturerSearchTerms": "Krones AG,Krones",
        "operatorSearchTerms": "dca-unified,dca-unified[213213],dnmcvndfb,,dcndbjhc,",
        "class": null
    },
    {
        "equipmentId": "207D4DC802064165888E8423B4DCEC38",
        "name": "EQU-8MAY-SK",
        "internalId": "EQU-8MAY-SK",
        "status": "2",
        "statusDescription": "Published",
        "version": 0.0,
        "hasInRevision": "0",
        "modelId": null,
        "modelName": null,
        "shortDescription": "EQU-8MAY-SK",
        "templateId": null,
        "subclass": null,
        "modelTemplate": null,
        "location": null,
        "criticalityCode": null,
        "criticalityDescription": null,
        "manufacturer": null,
        "completeness": 45.0,
        "createdOn": 1588896000000,
        "changedOn": 1588896000000,
        "publishedOn": 1588896000000,
        "serialNumber": ")(*&^%$#@!12324434Asdrtrt",
        "batchNumber": ")(*&^%$#@!12324434Asdrtrt",
        "tagNumber": null,
        "lifeCycle": "6",
        "lifeCycleDescription": "Partially Operational",
        "source": "dca-unified[213213]",
        "imageURL": "AE1635EE37064CE1900E0E3D1A87E083",
        "operator": "dca-unified[213213]",
        "coordinates": null,
        "installationDate": null,
        "equipmentStatus": null,
        "buildDate": 1590019200000,
        "isOperatorValid": "true",
        "modelVersion": null,
        "soldTo": null,
        "image": null,
        "consume": "1",
        "dealer": null,
        "serviceProvider": null,
        "primaryExternalId": null,
        "equipmentSearchTerms": null,
        "sourceSearchTerms": "dca-unified,dca-unified[213213],dnmcvndfb,,dcndbjhc,",
        "manufacturerSearchTerms": null,
        "operatorSearchTerms": "dca-unified,dca-unified[213213],dnmcvndfb,,dcndbjhc,",
        "class": null
    },
    {
        "equipmentId": "2FDEC3F9ECF748A5B9D6A59BC1B67FAE",
        "name": "EQU-HF-22april",
        "internalId": "EQU-HF-22april",
        "status": "2",
        "statusDescription": "Published",
        "version": 0.0,
        "hasInRevision": "0",
        "modelId": "D778C43C08E94F539F5A092FD1F485BD",
        "modelName": "VIB_TEST_KjSVhCpgXr",
        "shortDescription": "EQU-HF-22april",
        "templateId": "7CC030F2F1E54C2099DD63040736F1AF",
        "subclass": "Muk_auto_b98rb81rx_1571721571390",
        "modelTemplate": "Muk_auto_b98rb81rx_1571721571390",
        "location": null,
        "criticalityCode": null,
        "criticalityDescription": null,
        "manufacturer": "DCA Operator",
        "completeness": 83.0,
        "createdOn": 1587513600000,
        "changedOn": 1587513600000,
        "publishedOn": 1587513600000,
        "serialNumber": null,
        "batchNumber": null,
        "tagNumber": null,
        "lifeCycle": "9",
        "lifeCycleDescription": "Not Operational",
        "source": "dca-unified[213213]",
        "imageURL": null,
        "operator": "dca-unified[213213]",
        "coordinates": null,
        "installationDate": null,
        "equipmentStatus": null,
        "buildDate": null,
        "isOperatorValid": "true",
        "modelVersion": 2.0,
        "soldTo": null,
        "image": null,
        "consume": "1",
        "dealer": null,
        "serviceProvider": null,
        "primaryExternalId": null,
        "equipmentSearchTerms": null,
        "sourceSearchTerms": "dca-unified,dca-unified[213213],dnmcvndfb,,dcndbjhc,",
        "manufacturerSearchTerms": "DCA Operator,DCA Operator,AIN_TEST_INDUS_ID0.004465762314040056Edi,AIN_TEST_INDS_NAME0.15862232073659976",
        "operatorSearchTerms": "dca-unified,dca-unified[213213],dnmcvndfb,,dcndbjhc,",
        "class": "Muk_api_class_1oggf2aikc"
    },
    {
        "equipmentId": "280BC7108EA146C1BB43F9EF4BADEA37",
        "name": "UsageCheck",
        "internalId": "UsageCheck",
        "status": "2",
        "statusDescription": "Published",
        "version": 0.0,
        "hasInRevision": "0",
        "modelId": null,
        "modelName": null,
        "shortDescription": "UsageCheck",
        "templateId": null,
        "subclass": null,
        "modelTemplate": null,
        "location": null,
        "criticalityCode": null,
        "criticalityDescription": null,
        "manufacturer": null,
        "completeness": 41.0,
        "createdOn": 1587340800000,
        "changedOn": 1587340800000,
        "publishedOn": 1587340800000,
        "serialNumber": null,
        "batchNumber": null,
        "tagNumber": null,
        "lifeCycle": "1",
        "lifeCycleDescription": "Planned",
        "source": "dca-unified[213213]",
        "imageURL": null,
        "operator": "dca-unified[213213]",
        "coordinates": null,
        "installationDate": null,
        "equipmentStatus": null,
        "buildDate": null,
        "isOperatorValid": "true",
        "modelVersion": null,
        "soldTo": null,
        "image": null,
        "consume": "1",
        "dealer": null,
        "serviceProvider": null,
        "primaryExternalId": null,
        "equipmentSearchTerms": null,
        "sourceSearchTerms": "dca-unified,dca-unified[213213],dnmcvndfb,,dcndbjhc,",
        "manufacturerSearchTerms": null,
        "operatorSearchTerms": "dca-unified,dca-unified[213213],dnmcvndfb,,dcndbjhc,",
        "class": null
    },
    {
        "equipmentId": "77A4049A05AD43C6B1921DBD68F42B76",
        "name": "EQU-1APR-HF-03",
        "internalId": "EQU-1APR-HF-03",
        "status": "2",
        "statusDescription": "Published",
        "version": 0.0,
        "hasInRevision": "0",
        "modelId": "0043C40D222F40FB88A325A89F89465E",
        "modelName": "MODEL_6March_HF_INV",
        "shortDescription": "EQU-1APR-SK",
        "templateId": "CBD58854A1F145D98A744C0AFEB9B70E",
        "subclass": null,
        "modelTemplate": "ModelTemplate_25FEB_01",
        "location": null,
        "criticalityCode": null,
        "criticalityDescription": null,
        "manufacturer": "Terrific O&G",
        "completeness": 41.0,
        "createdOn": 1585699200000,
        "changedOn": 1585699200000,
        "publishedOn": 1585699200000,
        "serialNumber": "HF-1stApril-!@#",
        "batchNumber": "HF-1stApril-!@#",
        "tagNumber": null,
        "lifeCycle": "1",
        "lifeCycleDescription": "Planned",
        "source": "dca-unified[213213]",
        "imageURL": null,
        "operator": "dca-unified[213213]",
        "coordinates": null,
        "installationDate": null,
        "equipmentStatus": null,
        "buildDate": null,
        "isOperatorValid": "true",
        "modelVersion": 1.0,
        "soldTo": null,
        "image": null,
        "consume": "1",
        "dealer": null,
        "serviceProvider": null,
        "primaryExternalId": null,
        "equipmentSearchTerms": null,
        "sourceSearchTerms": "dca-unified,dca-unified[213213],dnmcvndfb,,dcndbjhc,",
        "manufacturerSearchTerms": "Terrific Oil & Gas Corporation,Terrific O&G",
        "operatorSearchTerms": "dca-unified,dca-unified[213213],dnmcvndfb,,dcndbjhc,",
        "class": null
    },
    {
        "equipmentId": "FB9D938872DF47A1AFE5D1D4B8DB427A",
        "name": "200 Series-Equipment-doc",
        "internalId": "200 Series-Equipment-doc",
        "status": "2",
        "statusDescription": "Published",
        "version": 1.0,
        "hasInRevision": "0",
        "modelId": "4B324CBD941C4AD684E4B75E891D6299",
        "modelName": "200 Series",
        "shortDescription": "200 Series",
        "templateId": "3C5F00E0402CD2FF15008C067C1371B9",
        "subclass": "Pump",
        "modelTemplate": "Pump",
        "location": null,
        "criticalityCode": null,
        "criticalityDescription": null,
        "manufacturer": "Pumps Ltd",
        "completeness": 83.0,
        "createdOn": 1585699200000,
        "changedOn": 1585699200000,
        "publishedOn": 1585699200000,
        "serialNumber": null,
        "batchNumber": null,
        "tagNumber": null,
        "lifeCycle": "1",
        "lifeCycleDescription": "Planned",
        "source": "dca-unified[213213]",
        "imageURL": "8E59F03F5F2F4C3A8451CC8C006EE3BD",
        "operator": "dca-unified[213213]",
        "coordinates": null,
        "installationDate": null,
        "equipmentStatus": null,
        "buildDate": null,
        "isOperatorValid": "true",
        "modelVersion": 33.0,
        "soldTo": null,
        "image": null,
        "consume": "1",
        "dealer": null,
        "serviceProvider": null,
        "primaryExternalId": null,
        "equipmentSearchTerms": null,
        "sourceSearchTerms": "dca-unified,dca-unified[213213],dnmcvndfb,,dcndbjhc,",
        "manufacturerSearchTerms": "Pumps Ltd",
        "operatorSearchTerms": "dca-unified,dca-unified[213213],dnmcvndfb,,dcndbjhc,",
        "class": "Rotating_Equipment"
    },
    {
        "equipmentId": "51482E2525AE4E74A6A1E70B2641782D",
        "name": "Equipment-logo",
        "internalId": "Equipment-logo",
        "status": "2",
        "statusDescription": "Published",
        "version": 0.0,
        "hasInRevision": "0",
        "modelId": null,
        "modelName": null,
        "shortDescription": "Equipment-logo",
        "templateId": null,
        "subclass": null,
        "modelTemplate": null,
        "location": null,
        "criticalityCode": null,
        "criticalityDescription": null,
        "manufacturer": null,
        "completeness": 8.0,
        "createdOn": 1582502400000,
        "changedOn": 1582502400000,
        "publishedOn": 1582502400000,
        "serialNumber": null,
        "batchNumber": null,
        "tagNumber": null,
        "lifeCycle": "1",
        "lifeCycleDescription": "Planned",
        "source": "dca-unified[213213]",
        "imageURL": "1B26D25C4B874EE3B7E66EA7AC7E7B69",
        "operator": "dca-unified[213213]",
        "coordinates": null,
        "installationDate": null,
        "equipmentStatus": null,
        "buildDate": null,
        "isOperatorValid": "true",
        "modelVersion": null,
        "soldTo": null,
        "image": null,
        "consume": "1",
        "dealer": null,
        "serviceProvider": null,
        "primaryExternalId": null,
        "equipmentSearchTerms": null,
        "sourceSearchTerms": "dca-unified,dca-unified[213213],dnmcvndfb,,dcndbjhc,",
        "manufacturerSearchTerms": null,
        "operatorSearchTerms": "dca-unified,dca-unified[213213],dnmcvndfb,,dcndbjhc,",
        "class": null
    },
    {
        "equipmentId": "95AB791B30D6454BA72F3C885C0C80FF",
        "name": "SharedEquo01",
        "internalId": "SharedEquo01",
        "status": "2",
        "statusDescription": "Published",
        "version": 0.0,
        "hasInRevision": "0",
        "modelId": null,
        "modelName": null,
        "shortDescription": "SharedEquo01",
        "templateId": null,
        "subclass": null,
        "modelTemplate": null,
        "location": null,
        "criticalityCode": null,
        "criticalityDescription": null,
        "manufacturer": null,
        "completeness": 4.0,
        "createdOn": 1579651200000,
        "changedOn": 1579651200000,
        "publishedOn": 1579651200000,
        "serialNumber": "",
        "batchNumber": "",
        "tagNumber": null,
        "lifeCycle": "1",
        "lifeCycleDescription": "Planned",
        "source": "dca-unified[213213]",
        "imageURL": null,
        "operator": "dca-unified[213213]",
        "coordinates": null,
        "installationDate": null,
        "equipmentStatus": null,
        "buildDate": null,
        "isOperatorValid": "true",
        "modelVersion": null,
        "soldTo": null,
        "image": null,
        "consume": "1",
        "dealer": null,
        "serviceProvider": null,
        "primaryExternalId": null,
        "equipmentSearchTerms": null,
        "sourceSearchTerms": "dca-unified,dca-unified[213213],dnmcvndfb,,dcndbjhc,",
        "manufacturerSearchTerms": null,
        "operatorSearchTerms": "dca-unified,dca-unified[213213],dnmcvndfb,,dcndbjhc,",
        "class": null
    },
    {
        "equipmentId": "3337A02B4D82476D9B28AA4ADFE70E4B",
        "name": "Forklift III 0110x13",
        "internalId": "Forklift III 0110x13",
        "status": "2",
        "statusDescription": "Published",
        "version": 0.0,
        "hasInRevision": "0",
        "modelId": null,
        "modelName": null,
        "shortDescription": "Forklift III 0110x13 Heavy machinery",
        "templateId": null,
        "subclass": null,
        "modelTemplate": null,
        "location": null,
        "criticalityCode": null,
        "criticalityDescription": null,
        "manufacturer": null,
        "completeness": 16.0,
        "createdOn": 1578614400000,
        "changedOn": 1578614400000,
        "publishedOn": 1578614400000,
        "serialNumber": "",
        "batchNumber": "",
        "tagNumber": null,
        "lifeCycle": "1",
        "lifeCycleDescription": "Planned",
        "source": "dca-unified[213213]",
        "imageURL": null,
        "operator": "dca-unified[213213]",
        "coordinates": null,
        "installationDate": null,
        "equipmentStatus": null,
        "buildDate": null,
        "isOperatorValid": "true",
        "modelVersion": null,
        "soldTo": null,
        "image": null,
        "consume": "1",
        "dealer": null,
        "serviceProvider": null,
        "primaryExternalId": null,
        "equipmentSearchTerms": null,
        "sourceSearchTerms": "dca-unified,dca-unified[213213],dnmcvndfb,,dcndbjhc,",
        "manufacturerSearchTerms": null,
        "operatorSearchTerms": "dca-unified,dca-unified[213213],dnmcvndfb,,dcndbjhc,",
        "class": null
    },
    {
        "equipmentId": "9B38969E90F44EF1A7ACF5CB96B7B8FD",
        "name": "10001729",
        "internalId": "10001729",
        "status": "2",
        "statusDescription": "Published",
        "version": 0.0,
        "hasInRevision": "0",
        "modelId": null,
        "modelName": null,
        "shortDescription": "Forklift III 0110x11",
        "templateId": null,
        "subclass": null,
        "modelTemplate": null,
        "location": null,
        "criticalityCode": null,
        "criticalityDescription": null,
        "manufacturer": null,
        "completeness": 29.0,
        "createdOn": 1578614400000,
        "changedOn": 1578614400000,
        "publishedOn": 1578614400000,
        "serialNumber": null,
        "batchNumber": null,
        "tagNumber": null,
        "lifeCycle": "1",
        "lifeCycleDescription": "Planned",
        "source": "dca-unified[213213]",
        "imageURL": null,
        "operator": "dca-unified[213213]",
        "coordinates": null,
        "installationDate": null,
        "equipmentStatus": null,
        "buildDate": null,
        "isOperatorValid": "true",
        "modelVersion": null,
        "soldTo": null,
        "image": null,
        "consume": "1",
        "dealer": null,
        "serviceProvider": null,
        "primaryExternalId": null,
        "equipmentSearchTerms": null,
        "sourceSearchTerms": "dca-unified,dca-unified[213213],dnmcvndfb,,dcndbjhc,",
        "manufacturerSearchTerms": null,
        "operatorSearchTerms": "dca-unified,dca-unified[213213],dnmcvndfb,,dcndbjhc,",
        "class": null
    },
    {
        "equipmentId": "7AADA872AC8D4C47BA1A9E6EB232B6C0",
        "name": "Model_26Nov_SK-Equipment",
        "internalId": "Model_26Nov_SK-Equipment",
        "status": "2",
        "statusDescription": "Published",
        "version": 1.0,
        "hasInRevision": "0",
        "modelId": "A139B4EE06904A29A99F080D9D07A32A",
        "modelName": "Model_26Nov_SK",
        "shortDescription": "Model_26Nov_SK",
        "templateId": "36B8B33A63D24F539A6F5E7DB71559FF",
        "subclass": null,
        "modelTemplate": "ModelTemplate_26nov_SK",
        "location": "FLOC-SVB-TA-51",
        "criticalityCode": null,
        "criticalityDescription": null,
        "manufacturer": "dca-unified[213213]",
        "completeness": 62.0,
        "createdOn": 1574726400000,
        "changedOn": 1574726400000,
        "publishedOn": 1574726400000,
        "serialNumber": "",
        "batchNumber": "",
        "tagNumber": null,
        "lifeCycle": "6",
        "lifeCycleDescription": "Partially Operational",
        "source": "dca-unified[213213]",
        "imageURL": "2CECA9DD5EEE469D87719994262B855A",
        "operator": "dca-unified[213213]",
        "coordinates": null,
        "installationDate": 1574726400000,
        "equipmentStatus": null,
        "buildDate": null,
        "isOperatorValid": "true",
        "modelVersion": 0.0,
        "soldTo": null,
        "image": null,
        "consume": "1",
        "dealer": null,
        "serviceProvider": null,
        "primaryExternalId": null,
        "equipmentSearchTerms": null,
        "sourceSearchTerms": "dca-unified,dca-unified[213213],dnmcvndfb,,dcndbjhc,",
        "manufacturerSearchTerms": "dca-unified,dca-unified[213213],dnmcvndfb,,dcndbjhc,",
        "operatorSearchTerms": "dca-unified,dca-unified[213213],dnmcvndfb,,dcndbjhc,",
        "class": null
    },
    {
        "equipmentId": "4A1274B0FF2A46E2899D33B1DD146F48",
        "name": "Model_24Oct_SK_-Equipment",
        "internalId": "Model_24Oct_SK_-Equipment",
        "status": "2",
        "statusDescription": "Published",
        "version": 0.0,
        "hasInRevision": "0",
        "modelId": "8576C61C65554CB7BB750BD182F65784",
        "modelName": "Model_24Oct_SK_11",
        "shortDescription": "Model_24Oct_SK_",
        "templateId": "34D40B4259834C3299453114ABB7E1A1",
        "subclass": null,
        "modelTemplate": "Muk_api_modTemp_pn6ate1g8y",
        "location": null,
        "criticalityCode": null,
        "criticalityDescription": null,
        "manufacturer": "dca-unified[213213]",
        "completeness": 33.0,
        "createdOn": 1571875200000,
        "changedOn": 1571875200000,
        "publishedOn": 1571875200000,
        "serialNumber": "",
        "batchNumber": "",
        "tagNumber": null,
        "lifeCycle": "9",
        "lifeCycleDescription": "Not Operational",
        "source": "dca-unified[213213]",
        "imageURL": null,
        "operator": "dca-unified[213213]",
        "coordinates": null,
        "installationDate": null,
        "equipmentStatus": null,
        "buildDate": null,
        "isOperatorValid": "true",
        "modelVersion": 3.0,
        "soldTo": null,
        "image": null,
        "consume": "1",
        "dealer": null,
        "serviceProvider": null,
        "primaryExternalId": null,
        "equipmentSearchTerms": null,
        "sourceSearchTerms": "dca-unified,dca-unified[213213],dnmcvndfb,,dcndbjhc,",
        "manufacturerSearchTerms": "dca-unified,dca-unified[213213],dnmcvndfb,,dcndbjhc,",
        "operatorSearchTerms": "dca-unified,dca-unified[213213],dnmcvndfb,,dcndbjhc,",
        "class": null
    },
    {
        "equipmentId": "19BB1728B1044C08A731572CB8E87D18",
        "name": "Equip_24Oct_SK_WO_MDL",
        "internalId": "Equip_24Oct_SK_WO_MDL",
        "status": "2",
        "statusDescription": "Published",
        "version": 2.0,
        "hasInRevision": "0",
        "modelId": "6F7097B5FE3C4A2CBF38328AEAA03FEC",
        "modelName": "Model_AS_SK_01",
        "shortDescription": "Equip_24Oct_SK_WO_MDL",
        "templateId": "67EE07BB74CF45169DAF62F712703850",
        "subclass": "SPEED",
        "modelTemplate": "27June_muk_ModelTemplate_de_01",
        "location": "FLOC-SVB-TA-51",
        "criticalityCode": null,
        "criticalityDescription": null,
        "manufacturer": "Terrific O&G",
        "completeness": 83.0,
        "createdOn": 1571875200000,
        "changedOn": 1571875200000,
        "publishedOn": 1571875200000,
        "serialNumber": "",
        "batchNumber": "",
        "tagNumber": null,
        "lifeCycle": "6",
        "lifeCycleDescription": "Partially Operational",
        "source": "dca-unified[213213]",
        "imageURL": null,
        "operator": "dca-unified[213213]",
        "coordinates": null,
        "installationDate": 1574726400000,
        "equipmentStatus": null,
        "buildDate": null,
        "isOperatorValid": "true",
        "modelVersion": 1.0,
        "soldTo": null,
        "image": null,
        "consume": "1",
        "dealer": null,
        "serviceProvider": null,
        "primaryExternalId": null,
        "equipmentSearchTerms": null,
        "sourceSearchTerms": "dca-unified,dca-unified[213213],dnmcvndfb,,dcndbjhc,",
        "manufacturerSearchTerms": "Terrific Oil & Gas Corporation,Terrific O&G",
        "operatorSearchTerms": "dca-unified,dca-unified[213213],dnmcvndfb,,dcndbjhc,",
        "class": "INPUT_DEVICES"
    },
    {
        "equipmentId": "F26CA5DA97404FD694E407EC9DE743DC",
        "name": "rajat123",
        "internalId": "rajat123",
        "status": "2",
        "statusDescription": "Published",
        "version": 0.0,
        "hasInRevision": "0",
        "modelId": null,
        "modelName": null,
        "shortDescription": "test",
        "templateId": null,
        "subclass": null,
        "modelTemplate": null,
        "location": null,
        "criticalityCode": null,
        "criticalityDescription": null,
        "manufacturer": null,
        "completeness": 29.0,
        "createdOn": 1571875200000,
        "changedOn": 1571875200000,
        "publishedOn": 1571875200000,
        "serialNumber": null,
        "batchNumber": null,
        "tagNumber": null,
        "lifeCycle": "2",
        "lifeCycleDescription": "Fully Operational",
        "source": "API Hub",
        "imageURL": null,
        "operator": "API Hub",
        "coordinates": null,
        "installationDate": null,
        "equipmentStatus": null,
        "buildDate": null,
        "isOperatorValid": "true",
        "modelVersion": null,
        "soldTo": null,
        "image": null,
        "consume": "1",
        "dealer": null,
        "serviceProvider": null,
        "primaryExternalId": null,
        "equipmentSearchTerms": null,
        "sourceSearchTerms": "API Hub",
        "manufacturerSearchTerms": null,
        "operatorSearchTerms": "API Hub",
        "class": null
    },
    {
        "equipmentId": "98FE5C76434A4F44974F265452A0E305",
        "name": "Model_27sep_SK-Equipment",
        "internalId": "Model_27sep_SK-Equipment",
        "status": "2",
        "statusDescription": "Published",
        "version": 0.0,
        "hasInRevision": "0",
        "modelId": "6C8284EBDD1548C5B3242A3E2DBCC59D",
        "modelName": "Model_27sep_SK",
        "shortDescription": "Model_27sep_SK",
        "templateId": "A16A1FA090D346938A3365709B0A625A",
        "subclass": null,
        "modelTemplate": "Template ModelTemplate Model",
        "location": null,
        "criticalityCode": null,
        "criticalityDescription": null,
        "manufacturer": "Terrific O&G",
        "completeness": 33.0,
        "createdOn": 1569542400000,
        "changedOn": 1569542400000,
        "publishedOn": 1569542400000,
        "serialNumber": "",
        "batchNumber": "",
        "tagNumber": null,
        "lifeCycle": "6",
        "lifeCycleDescription": "Partially Operational",
        "source": "dca-unified[213213]",
        "imageURL": null,
        "operator": "dca-unified[213213]",
        "coordinates": null,
        "installationDate": null,
        "equipmentStatus": null,
        "buildDate": null,
        "isOperatorValid": "true",
        "modelVersion": 1.0,
        "soldTo": null,
        "image": null,
        "consume": "1",
        "dealer": null,
        "serviceProvider": null,
        "primaryExternalId": null,
        "equipmentSearchTerms": null,
        "sourceSearchTerms": "dca-unified,dca-unified[213213],dnmcvndfb,,dcndbjhc,",
        "manufacturerSearchTerms": "Terrific Oil & Gas Corporation,Terrific O&G",
        "operatorSearchTerms": "dca-unified,dca-unified[213213],dnmcvndfb,,dcndbjhc,",
        "class": null
    },
    {
        "equipmentId": "10B5B92014A94D7F9C52B7D87A420204",
        "name": "27Aug_v2_Model_01-Equipment",
        "internalId": "27Aug_v2_Model_01-Equipment",
        "status": "2",
        "statusDescription": "Published",
        "version": 0.0,
        "hasInRevision": "0",
        "modelId": "343DFF47FD3244DDAFD6BC6FC856CE3A",
        "modelName": "27Aug_v2_Model_01",
        "shortDescription": "27Aug_v2_Model_01-Equipment",
        "templateId": "EB2E0D1F72714E55830D4055756711A1",
        "subclass": null,
        "modelTemplate": "27Aug_modTemplate_ind_01",
        "location": null,
        "criticalityCode": null,
        "criticalityDescription": null,
        "manufacturer": "DCA Manu",
        "completeness": 33.0,
        "createdOn": 1568332800000,
        "changedOn": 1568851200000,
        "publishedOn": 1568851200000,
        "serialNumber": "",
        "batchNumber": "",
        "tagNumber": null,
        "lifeCycle": "1",
        "lifeCycleDescription": "Planned",
        "source": "DCA Manu",
        "imageURL": null,
        "operator": "DCA Manu",
        "coordinates": null,
        "installationDate": null,
        "equipmentStatus": null,
        "buildDate": null,
        "isOperatorValid": "true",
        "modelVersion": 10.0,
        "soldTo": null,
        "image": null,
        "consume": "1",
        "dealer": null,
        "serviceProvider": null,
        "primaryExternalId": null,
        "equipmentSearchTerms": null,
        "sourceSearchTerms": "[SAAS TENANT]DCA Manufacturer,DCA Manu",
        "manufacturerSearchTerms": "[SAAS TENANT]DCA Manufacturer,DCA Manu",
        "operatorSearchTerms": "[SAAS TENANT]DCA Manufacturer,DCA Manu",
        "class": null
    },
    {
        "equipmentId": "607ADA454C2D452EB7781D84358D2E61",
        "name": "Equip_SK_NWCVvUzfcn",
        "internalId": "Equip_SK_NWCVvUzfcn",
        "status": "2",
        "statusDescription": "Published",
        "version": 0.0,
        "hasInRevision": "0",
        "modelId": "EB49A15302564E4CB83CCA0B477AEB2F",
        "modelName": "VIB_TEST_qUR7hjcchE",
        "shortDescription": "Equip_Short_NWCVvUzfcn",
        "templateId": "A55309202515D6C116008C069C29FA35",
        "subclass": "43030000",
        "modelTemplate": "43030190",
        "location": null,
        "criticalityCode": null,
        "criticalityDescription": null,
        "manufacturer": "DCA Operator",
        "completeness": 66.0,
        "createdOn": 1568764800000,
        "changedOn": 1568764800000,
        "publishedOn": 1568764800000,
        "serialNumber": "NWCVvUzfcn",
        "batchNumber": "NWCVvUzfcn",
        "tagNumber": null,
        "lifeCycle": "2",
        "lifeCycleDescription": "Fully Operational",
        "source": "DCA Operator",
        "imageURL": null,
        "operator": "DCA Operator",
        "coordinates": null,
        "installationDate": null,
        "equipmentStatus": null,
        "buildDate": null,
        "isOperatorValid": "true",
        "modelVersion": 0.0,
        "soldTo": null,
        "image": null,
        "consume": "1",
        "dealer": null,
        "serviceProvider": null,
        "primaryExternalId": null,
        "equipmentSearchTerms": null,
        "sourceSearchTerms": "DCA Operator,DCA Operator,AIN_TEST_INDUS_ID0.004465762314040056Edi,AIN_TEST_INDS_NAME0.15862232073659976",
        "manufacturerSearchTerms": "DCA Operator,DCA Operator,AIN_TEST_INDUS_ID0.004465762314040056Edi,AIN_TEST_INDS_NAME0.15862232073659976",
        "operatorSearchTerms": "DCA Operator,DCA Operator,AIN_TEST_INDUS_ID0.004465762314040056Edi,AIN_TEST_INDS_NAME0.15862232073659976",
        "class": "43000000"
    },
    {
        "equipmentId": "EED354BA3AEE4A20A4D0B7D7887E2191",
        "name": "Model_28aug_SK-Equipment",
        "internalId": "Model_28aug_SK-Equipment",
        "status": "2",
        "statusDescription": "Published",
        "version": 0.0,
        "hasInRevision": "0",
        "modelId": "AB280B55C794445EA67D316DBD7CE079",
        "modelName": "Model_28aug_SK",
        "shortDescription": "Model_28aug_SK",
        "templateId": "5C766A6D80954E35A8B068EF4B469273",
        "subclass": null,
        "modelTemplate": "ModelTemplate_27aug_SK",
        "location": "FLOC-SVB-TA-51",
        "criticalityCode": null,
        "criticalityDescription": null,
        "manufacturer": "Terrific O&G",
        "completeness": 33.0,
        "createdOn": 1568246400000,
        "changedOn": 1568246400000,
        "publishedOn": 1568246400000,
        "serialNumber": "",
        "batchNumber": "",
        "tagNumber": null,
        "lifeCycle": "1",
        "lifeCycleDescription": "Planned",
        "source": "dca-unified[213213]",
        "imageURL": null,
        "operator": "dca-unified[213213]",
        "coordinates": null,
        "installationDate": 1574726400000,
        "equipmentStatus": null,
        "buildDate": null,
        "isOperatorValid": "true",
        "modelVersion": 0.0,
        "soldTo": null,
        "image": null,
        "consume": "1",
        "dealer": null,
        "serviceProvider": null,
        "primaryExternalId": null,
        "equipmentSearchTerms": null,
        "sourceSearchTerms": "dca-unified,dca-unified[213213],dnmcvndfb,,dcndbjhc,",
        "manufacturerSearchTerms": "Terrific Oil & Gas Corporation,Terrific O&G",
        "operatorSearchTerms": "dca-unified,dca-unified[213213],dnmcvndfb,,dcndbjhc,",
        "class": null
    },
    {
        "equipmentId": "B32E60F81A9A43E19A42AC3FFDDF20F5",
        "name": "Equip_28aug_01",
        "internalId": "Equip_28aug_01",
        "status": "2",
        "statusDescription": "Published",
        "version": 3.0,
        "hasInRevision": "0",
        "modelId": null,
        "modelName": null,
        "shortDescription": "Equip_28aug_01",
        "templateId": null,
        "subclass": null,
        "modelTemplate": null,
        "location": null,
        "criticalityCode": null,
        "criticalityDescription": null,
        "manufacturer": "DCA Manu",
        "completeness": 29.0,
        "createdOn": 1566950400000,
        "changedOn": 1566950400000,
        "publishedOn": 1566950400000,
        "serialNumber": "",
        "batchNumber": "",
        "tagNumber": null,
        "lifeCycle": "1",
        "lifeCycleDescription": "Planned",
        "source": "DCA Operator",
        "imageURL": null,
        "operator": "DCA Operator",
        "coordinates": null,
        "installationDate": null,
        "equipmentStatus": null,
        "buildDate": null,
        "isOperatorValid": "true",
        "modelVersion": null,
        "soldTo": null,
        "image": null,
        "consume": "1",
        "dealer": null,
        "serviceProvider": null,
        "primaryExternalId": null,
        "equipmentSearchTerms": null,
        "sourceSearchTerms": "DCA Operator,DCA Operator,AIN_TEST_INDUS_ID0.004465762314040056Edi,AIN_TEST_INDS_NAME0.15862232073659976",
        "manufacturerSearchTerms": "[SAAS TENANT]DCA Manufacturer,DCA Manu",
        "operatorSearchTerms": "DCA Operator,DCA Operator,AIN_TEST_INDUS_ID0.004465762314040056Edi,AIN_TEST_INDS_NAME0.15862232073659976",
        "class": null
    },
    {
        "equipmentId": "CFD01BF15B18475188CED755B515FE81",
        "name": "Model_18aug_SK-Equipment-ticket",
        "internalId": "Model_18aug_SK-Equipment-ticket",
        "status": "2",
        "statusDescription": "Published",
        "version": 0.0,
        "hasInRevision": "0",
        "modelId": "6446053678C04EADB3D60FBD0522F2C8",
        "modelName": "Model_18aug_SK",
        "shortDescription": "Model_18aug_SK",
        "templateId": "A39B0955C4204C1EA979BF25CD7F981F",
        "subclass": null,
        "modelTemplate": "18aug_Model_SK",
        "location": "FLOC-SVB-TA-51",
        "criticalityCode": null,
        "criticalityDescription": null,
        "manufacturer": "dca-unified[213213]",
        "completeness": 33.0,
        "createdOn": 1566864000000,
        "changedOn": 1566864000000,
        "publishedOn": 1566864000000,
        "serialNumber": "",
        "batchNumber": "",
        "tagNumber": null,
        "lifeCycle": "1",
        "lifeCycleDescription": "Planned",
        "source": "dca-unified[213213]",
        "imageURL": null,
        "operator": "dca-unified[213213]",
        "coordinates": null,
        "installationDate": 1574726400000,
        "equipmentStatus": null,
        "buildDate": null,
        "isOperatorValid": "true",
        "modelVersion": 0.0,
        "soldTo": null,
        "image": null,
        "consume": "1",
        "dealer": null,
        "serviceProvider": null,
        "primaryExternalId": null,
        "equipmentSearchTerms": null,
        "sourceSearchTerms": "dca-unified,dca-unified[213213],dnmcvndfb,,dcndbjhc,",
        "manufacturerSearchTerms": "dca-unified,dca-unified[213213],dnmcvndfb,,dcndbjhc,",
        "operatorSearchTerms": "dca-unified,dca-unified[213213],dnmcvndfb,,dcndbjhc,",
        "class": null
    },
    {
        "equipmentId": "2EAC50711D474C87ACCE8D4C8DDC06B9",
        "name": "Test_Model_18062019_3-Equipment",
        "internalId": "Test_Model_18062019_3-Equipment",
        "status": "2",
        "statusDescription": "Published",
        "version": 1.0,
        "hasInRevision": "0",
        "modelId": "C664E2379D81417884346CB02D27B46A",
        "modelName": "Test_Model_18062019_3",
        "shortDescription": "Test_Model_18062019_3",
        "templateId": "2B7A11D074ED2B5B16008C06B9131EF9",
        "subclass": "BINARY_SAFETY_RELATED_SENSOR_TECHNOLOGY",
        "modelTemplate": "OPTOELECTRONIC_SENSOR",
        "location": null,
        "criticalityCode": null,
        "criticalityDescription": null,
        "manufacturer": "Rotator SE59",
        "completeness": 34.0,
        "createdOn": 1564358400000,
        "changedOn": 1564358400000,
        "publishedOn": 1564358400000,
        "serialNumber": "",
        "batchNumber": "",
        "tagNumber": null,
        "lifeCycle": "1",
        "lifeCycleDescription": "Planned",
        "source": "API Hub",
        "imageURL": null,
        "operator": "API Hub",
        "coordinates": null,
        "installationDate": null,
        "equipmentStatus": null,
        "buildDate": null,
        "isOperatorValid": "true",
        "modelVersion": 0.0,
        "soldTo": null,
        "image": null,
        "consume": "1",
        "dealer": null,
        "serviceProvider": null,
        "primaryExternalId": null,
        "equipmentSearchTerms": null,
        "sourceSearchTerms": "API Hub",
        "manufacturerSearchTerms": "Rotator SE59",
        "operatorSearchTerms": "API Hub",
        "class": "ELECTRIC_ENG_AUTOMATION_PROCESS_CONTROL"
    },
    {
        "equipmentId": "6E0FB3A00E1B4306BE7E7FF22F433F77",
        "name": "testEq1",
        "internalId": "testEq1",
        "status": "3",
        "statusDescription": "In Revision",
        "version": 6.0,
        "hasInRevision": "1",
        "modelId": null,
        "modelName": null,
        "shortDescription": "This is a Modified pump",
        "templateId": null,
        "subclass": null,
        "modelTemplate": null,
        "location": null,
        "criticalityCode": null,
        "criticalityDescription": null,
        "manufacturer": "Apple",
        "completeness": 29.0,
        "createdOn": 1564358400000,
        "changedOn": 1564358400000,
        "publishedOn": 1564358400000,
        "serialNumber": null,
        "batchNumber": null,
        "tagNumber": null,
        "lifeCycle": "6",
        "lifeCycleDescription": "Partially Operational",
        "source": "API Hub",
        "imageURL": null,
        "operator": "API Hub",
        "coordinates": null,
        "installationDate": null,
        "equipmentStatus": null,
        "buildDate": null,
        "isOperatorValid": "true",
        "modelVersion": null,
        "soldTo": null,
        "image": null,
        "consume": "1",
        "dealer": null,
        "serviceProvider": null,
        "primaryExternalId": null,
        "equipmentSearchTerms": null,
        "sourceSearchTerms": "API Hub",
        "manufacturerSearchTerms": "Apple",
        "operatorSearchTerms": "API Hub",
        "class": null
    },
    {
        "equipmentId": "FC28BA32B4074AA6844997B8829CB152",
        "name": "Pump 500 series-Equipment",
        "internalId": "Pump 500 series-Equipment",
        "status": "3",
        "statusDescription": "In Revision",
        "version": 1.0,
        "hasInRevision": "1",
        "modelId": "4D60C7F6E8334294B4E91FFB65879FDA",
        "modelName": "Pump 500 series",
        "shortDescription": "Pump 500 series",
        "templateId": "46EF745AE7B79554E10000000A4E706D",
        "subclass": "POSITIVE_DISPLACEMENT_PUMP",
        "modelTemplate": "ROTARY_PUMP",
        "location": null,
        "criticalityCode": null,
        "criticalityDescription": null,
        "manufacturer": "DCA Manu",
        "completeness": 34.0,
        "createdOn": 1563926400000,
        "changedOn": 1563926400000,
        "publishedOn": 1563926400000,
        "serialNumber": "",
        "batchNumber": "",
        "tagNumber": null,
        "lifeCycle": "1",
        "lifeCycleDescription": "Planned",
        "source": "dca-unified[213213]",
        "imageURL": "59D290BB3D0545B0818C600B574C5ADD",
        "operator": "dca-unified[213213]",
        "coordinates": null,
        "installationDate": null,
        "equipmentStatus": null,
        "buildDate": null,
        "isOperatorValid": "true",
        "modelVersion": 1.0,
        "soldTo": null,
        "image": null,
        "consume": "1",
        "dealer": null,
        "serviceProvider": null,
        "primaryExternalId": null,
        "equipmentSearchTerms": null,
        "sourceSearchTerms": "dca-unified,dca-unified[213213],dnmcvndfb,,dcndbjhc,",
        "manufacturerSearchTerms": "[SAAS TENANT]DCA Manufacturer,DCA Manu",
        "operatorSearchTerms": "dca-unified,dca-unified[213213],dnmcvndfb,,dcndbjhc,",
        "class": "PUMP"
    },
    {
        "equipmentId": "20665044C02E459AAEA340800F37ADE1",
        "name": "EQ_28JUN",
        "internalId": "EQ_28JUN",
        "status": "2",
        "statusDescription": "Published",
        "version": 0.0,
        "hasInRevision": "0",
        "modelId": null,
        "modelName": null,
        "shortDescription": "EQ_28JUN",
        "templateId": null,
        "subclass": null,
        "modelTemplate": null,
        "location": null,
        "criticalityCode": null,
        "criticalityDescription": null,
        "manufacturer": null,
        "completeness": 29.0,
        "createdOn": 1561680000000,
        "changedOn": 1563926400000,
        "publishedOn": 1563926400000,
        "serialNumber": "",
        "batchNumber": "",
        "tagNumber": null,
        "lifeCycle": "1",
        "lifeCycleDescription": "Planned",
        "source": "dca-unified[213213]",
        "imageURL": null,
        "operator": "dca-unified[213213]",
        "coordinates": null,
        "installationDate": null,
        "equipmentStatus": null,
        "buildDate": null,
        "isOperatorValid": "true",
        "modelVersion": null,
        "soldTo": null,
        "image": null,
        "consume": "1",
        "dealer": null,
        "serviceProvider": null,
        "primaryExternalId": null,
        "equipmentSearchTerms": null,
        "sourceSearchTerms": "dca-unified,dca-unified[213213],dnmcvndfb,,dcndbjhc,",
        "manufacturerSearchTerms": null,
        "operatorSearchTerms": "dca-unified,dca-unified[213213],dnmcvndfb,,dcndbjhc,",
        "class": null
    },
    {
        "equipmentId": "80CAAD187118433EB5CCC31867774D91",
        "name": "testEq2",
        "internalId": "testEq2",
        "status": "1",
        "statusDescription": "Unpublished",
        "version": 0.0,
        "hasInRevision": "0",
        "modelId": null,
        "modelName": null,
        "shortDescription": "This is a pump",
        "templateId": null,
        "subclass": null,
        "modelTemplate": null,
        "location": null,
        "criticalityCode": null,
        "criticalityDescription": null,
        "manufacturer": null,
        "completeness": 29.0,
        "createdOn": 1563926400000,
        "changedOn": 1563926400000,
        "publishedOn": null,
        "serialNumber": null,
        "batchNumber": null,
        "tagNumber": null,
        "lifeCycle": "2",
        "lifeCycleDescription": "Fully Operational",
        "source": "API Hub",
        "imageURL": null,
        "operator": "API Hub",
        "coordinates": null,
        "installationDate": null,
        "equipmentStatus": null,
        "buildDate": null,
        "isOperatorValid": "true",
        "modelVersion": null,
        "soldTo": null,
        "image": null,
        "consume": "1",
        "dealer": null,
        "serviceProvider": null,
        "primaryExternalId": null,
        "equipmentSearchTerms": null,
        "sourceSearchTerms": "API Hub",
        "manufacturerSearchTerms": null,
        "operatorSearchTerms": "API Hub",
        "class": null
    },
    {
        "equipmentId": "CCD3B42C95724B11A166FA33E97FFE0A",
        "name": "pump1",
        "internalId": "pump1",
        "status": "1",
        "statusDescription": "Unpublished",
        "version": 0.0,
        "hasInRevision": "0",
        "modelId": null,
        "modelName": null,
        "shortDescription": "This is a pump",
        "templateId": null,
        "subclass": null,
        "modelTemplate": null,
        "location": null,
        "criticalityCode": null,
        "criticalityDescription": null,
        "manufacturer": null,
        "completeness": 29.0,
        "createdOn": 1563580800000,
        "changedOn": 1563580800000,
        "publishedOn": null,
        "serialNumber": null,
        "batchNumber": null,
        "tagNumber": null,
        "lifeCycle": "2",
        "lifeCycleDescription": "Fully Operational",
        "source": "API Hub",
        "imageURL": null,
        "operator": "API Hub",
        "coordinates": null,
        "installationDate": null,
        "equipmentStatus": null,
        "buildDate": null,
        "isOperatorValid": "true",
        "modelVersion": null,
        "soldTo": null,
        "image": null,
        "consume": "1",
        "dealer": null,
        "serviceProvider": null,
        "primaryExternalId": null,
        "equipmentSearchTerms": null,
        "sourceSearchTerms": "API Hub",
        "manufacturerSearchTerms": null,
        "operatorSearchTerms": "API Hub",
        "class": null
    },
    {
        "equipmentId": "688FF8FEB46F4238BA4C6B0CAC8F7FD1",
        "name": "Model_E2E_SK-Equipment",
        "internalId": "Model_E2E_SK-Equipment",
        "status": "2",
        "statusDescription": "Published",
        "version": 3.0,
        "hasInRevision": "0",
        "modelId": "8D4FACBB0DA44396A53A166B0E6175CF",
        "modelName": "Model_E2E_SK",
        "shortDescription": "Model_E2E_SK_updated",
        "templateId": "F5A78C53C9AB4B9390C0964ED8E3528D",
        "subclass": null,
        "modelTemplate": "ModelTemplate_E2E_SK",
        "location": "Location_E2E_SK",
        "criticalityCode": null,
        "criticalityDescription": null,
        "manufacturer": "dca-unified[213213]",
        "completeness": 64.0,
        "createdOn": 1561507200000,
        "changedOn": 1561507200000,
        "publishedOn": 1561507200000,
        "serialNumber": "",
        "batchNumber": "",
        "tagNumber": null,
        "lifeCycle": "6",
        "lifeCycleDescription": "Partially Operational",
        "source": "dca-unified[213213]",
        "imageURL": null,
        "operator": "dca-unified[213213]",
        "coordinates": "4.5654757932520145,19.5721435546875",
        "installationDate": 1561507200000,
        "equipmentStatus": null,
        "buildDate": 1560988800000,
        "isOperatorValid": "true",
        "modelVersion": 2.0,
        "soldTo": null,
        "image": null,
        "consume": "1",
        "dealer": null,
        "serviceProvider": null,
        "primaryExternalId": null,
        "equipmentSearchTerms": null,
        "sourceSearchTerms": "dca-unified,dca-unified[213213],dnmcvndfb,,dcndbjhc,",
        "manufacturerSearchTerms": "dca-unified,dca-unified[213213],dnmcvndfb,,dcndbjhc,",
        "operatorSearchTerms": "dca-unified,dca-unified[213213],dnmcvndfb,,dcndbjhc,",
        "class": null
    },
    {
        "equipmentId": "022E47B16D41453E871AC5629FB01832",
        "name": "Laptop_T580_001-Equipment-02",
        "internalId": "Laptop_T580_001-Equipment-02",
        "status": "2",
        "statusDescription": "Published",
        "version": 0.0,
        "hasInRevision": "0",
        "modelId": "E49E22EE86ED4173AD5A07AE8D6B5575",
        "modelName": "Laptop_T580_001",
        "shortDescription": "Laptop T580",
        "templateId": "2C7A11D074ED2B5B16008C06B9131EF9",
        "subclass": "BINARY_SAFETY_RELATED_SENSOR_TECHNOLOGY",
        "modelTemplate": "COLOR_SENSOR",
        "location": "Location_E2E_SK",
        "criticalityCode": null,
        "criticalityDescription": null,
        "manufacturer": "ACME Pumps",
        "completeness": 58.0,
        "createdOn": 1561507200000,
        "changedOn": 1561507200000,
        "publishedOn": 1561507200000,
        "serialNumber": "",
        "batchNumber": "",
        "tagNumber": null,
        "lifeCycle": "6",
        "lifeCycleDescription": "Partially Operational",
        "source": "dca-unified[213213]",
        "imageURL": "97D758D35ABA46F6A8744FC08D2B146F",
        "operator": "dca-unified[213213]",
        "coordinates": "4.5654757932520145,19.5721435546875",
        "installationDate": 1561507200000,
        "equipmentStatus": null,
        "buildDate": null,
        "isOperatorValid": "true",
        "modelVersion": 1.0,
        "soldTo": null,
        "image": null,
        "consume": "1",
        "dealer": null,
        "serviceProvider": null,
        "primaryExternalId": null,
        "equipmentSearchTerms": null,
        "sourceSearchTerms": "dca-unified,dca-unified[213213],dnmcvndfb,,dcndbjhc,",
        "manufacturerSearchTerms": "ACME Pumps",
        "operatorSearchTerms": "dca-unified,dca-unified[213213],dnmcvndfb,,dcndbjhc,",
        "class": "ELECTRIC_ENG_AUTOMATION_PROCESS_CONTROL"
    },
    {
        "equipmentId": "B4B62CBB035E4513AA8B6B245AD08756",
        "name": "Ai_Test2",
        "internalId": "Ai_Test2",
        "status": "2",
        "statusDescription": "Published",
        "version": 2.0,
        "hasInRevision": "0",
        "modelId": null,
        "modelName": null,
        "shortDescription": "Ai_Test2",
        "templateId": null,
        "subclass": null,
        "modelTemplate": null,
        "location": null,
        "criticalityCode": null,
        "criticalityDescription": null,
        "manufacturer": null,
        "completeness": 29.0,
        "createdOn": 1561420800000,
        "changedOn": 1561507200000,
        "publishedOn": 1561507200000,
        "serialNumber": "",
        "batchNumber": "",
        "tagNumber": null,
        "lifeCycle": "1",
        "lifeCycleDescription": "Planned",
        "source": "dca-unified[213213]",
        "imageURL": null,
        "operator": "dca-unified[213213]",
        "coordinates": null,
        "installationDate": null,
        "equipmentStatus": null,
        "buildDate": null,
        "isOperatorValid": "true",
        "modelVersion": null,
        "soldTo": null,
        "image": null,
        "consume": "1",
        "dealer": null,
        "serviceProvider": null,
        "primaryExternalId": null,
        "equipmentSearchTerms": null,
        "sourceSearchTerms": "dca-unified,dca-unified[213213],dnmcvndfb,,dcndbjhc,",
        "manufacturerSearchTerms": null,
        "operatorSearchTerms": "dca-unified,dca-unified[213213],dnmcvndfb,,dcndbjhc,",
        "class": null
    },
    {
        "equipmentId": "D4855315A34E47B4B65B6A992C058606",
        "name": "Test_Model_19062019",
        "internalId": "Test_Model_19062019",
        "status": "2",
        "statusDescription": "Published",
        "version": 0.0,
        "hasInRevision": "0",
        "modelId": null,
        "modelName": null,
        "shortDescription": "Test_Model_19062019",
        "templateId": null,
        "subclass": null,
        "modelTemplate": null,
        "location": null,
        "criticalityCode": null,
        "criticalityDescription": null,
        "manufacturer": null,
        "completeness": 29.0,
        "createdOn": 1560902400000,
        "changedOn": 1560902400000,
        "publishedOn": 1560902400000,
        "serialNumber": "",
        "batchNumber": "",
        "tagNumber": null,
        "lifeCycle": "9",
        "lifeCycleDescription": "Not Operational",
        "source": "API Hub",
        "imageURL": null,
        "operator": "API Hub",
        "coordinates": null,
        "installationDate": null,
        "equipmentStatus": null,
        "buildDate": null,
        "isOperatorValid": "true",
        "modelVersion": null,
        "soldTo": null,
        "image": null,
        "consume": "1",
        "dealer": null,
        "serviceProvider": null,
        "primaryExternalId": null,
        "equipmentSearchTerms": null,
        "sourceSearchTerms": "API Hub",
        "manufacturerSearchTerms": null,
        "operatorSearchTerms": "API Hub",
        "class": null
    },
    {
        "equipmentId": "D7A4D904132741DBB1DEEB05D03E740A",
        "name": "Test_Model_18062019_02-Equipment",
        "internalId": "Test_Model_18062019_02-Equipment",
        "status": "2",
        "statusDescription": "Published",
        "version": 0.0,
        "hasInRevision": "0",
        "modelId": "D7A816B0FA53479EB58C21EC5D0E0982",
        "modelName": "Test_Model_18062019_02",
        "shortDescription": "Test_Model_18062019_02",
        "templateId": "D3A311D074ED2B5B16008C06B9131EF9",
        "subclass": "CONTROL",
        "modelTemplate": "CONTROL",
        "location": null,
        "criticalityCode": null,
        "criticalityDescription": null,
        "manufacturer": "Rotator SE59",
        "completeness": 58.0,
        "createdOn": 1560816000000,
        "changedOn": 1560816000000,
        "publishedOn": 1560816000000,
        "serialNumber": "",
        "batchNumber": "",
        "tagNumber": null,
        "lifeCycle": "1",
        "lifeCycleDescription": "Planned",
        "source": "API Hub",
        "imageURL": null,
        "operator": "API Hub",
        "coordinates": null,
        "installationDate": null,
        "equipmentStatus": null,
        "buildDate": null,
        "isOperatorValid": "true",
        "modelVersion": 0.0,
        "soldTo": null,
        "image": null,
        "consume": "1",
        "dealer": null,
        "serviceProvider": null,
        "primaryExternalId": null,
        "equipmentSearchTerms": null,
        "sourceSearchTerms": "API Hub",
        "manufacturerSearchTerms": "Rotator SE59",
        "operatorSearchTerms": "API Hub",
        "class": "ELECTRIC_ENG_AUTOMATION_PROCESS_CONTROL"
    },
    {
        "equipmentId": "C83408D7F69D4058A2FD73D51D33657D",
        "name": "Test_Model_18062019-Equipment",
        "internalId": "Test_Model_18062019-Equipment",
        "status": "2",
        "statusDescription": "Published",
        "version": 0.0,
        "hasInRevision": "0",
        "modelId": "20BA03FA4A09407AA2A890EC4100BCFC",
        "modelName": "Test_Model_18062019",
        "shortDescription": "Test_Model_18062019-Equipment",
        "templateId": "EFA311D074ED2B5B16008C06B9131EF9",
        "subclass": "CONTROL",
        "modelTemplate": "DIGITAL_IO_MODULE",
        "location": null,
        "criticalityCode": null,
        "criticalityDescription": null,
        "manufacturer": "Rotator SE59",
        "completeness": 58.0,
        "createdOn": 1560816000000,
        "changedOn": 1560816000000,
        "publishedOn": 1560816000000,
        "serialNumber": "",
        "batchNumber": "",
        "tagNumber": null,
        "lifeCycle": "1",
        "lifeCycleDescription": "Planned",
        "source": "API Hub",
        "imageURL": null,
        "operator": "API Hub",
        "coordinates": null,
        "installationDate": null,
        "equipmentStatus": null,
        "buildDate": null,
        "isOperatorValid": "true",
        "modelVersion": 0.0,
        "soldTo": null,
        "image": null,
        "consume": "1",
        "dealer": null,
        "serviceProvider": null,
        "primaryExternalId": null,
        "equipmentSearchTerms": null,
        "sourceSearchTerms": "API Hub",
        "manufacturerSearchTerms": "Rotator SE59",
        "operatorSearchTerms": "API Hub",
        "class": "ELECTRIC_ENG_AUTOMATION_PROCESS_CONTROL"
    },
    {
        "equipmentId": "3E6B6AA45EAD4BC68FDDCC304A84A44E",
        "name": "Apr30_ARJ-Equipment5",
        "internalId": "Apr30_ARJ-Equipment5",
        "status": "2",
        "statusDescription": "Published",
        "version": 0.0,
        "hasInRevision": "0",
        "modelId": "3C37ACFC44C740158DA8CD4B57554EC4",
        "modelName": "Apr30_ARJ",
        "shortDescription": "Apr30_ARJ-Equipment5",
        "templateId": "E1219D501AA3ED8A16008C06E004EFFC",
        "subclass": null,
        "modelTemplate": "D2O_MODEL_TEMPLATE",
        "location": null,
        "criticalityCode": null,
        "criticalityDescription": null,
        "manufacturer": "ifm",
        "completeness": 33.0,
        "createdOn": 1557792000000,
        "changedOn": 1557792000000,
        "publishedOn": 1557792000000,
        "serialNumber": "",
        "batchNumber": "",
        "tagNumber": null,
        "lifeCycle": "1",
        "lifeCycleDescription": "Planned",
        "source": "SGW",
        "imageURL": null,
        "operator": "SGW",
        "coordinates": null,
        "installationDate": null,
        "equipmentStatus": null,
        "buildDate": null,
        "isOperatorValid": "true",
        "modelVersion": 2.0,
        "soldTo": null,
        "image": null,
        "consume": "1",
        "dealer": null,
        "serviceProvider": null,
        "primaryExternalId": null,
        "equipmentSearchTerms": null,
        "sourceSearchTerms": "SGW,SGW",
        "manufacturerSearchTerms": "ifm",
        "operatorSearchTerms": "SGW,SGW",
        "class": null
    },
    {
        "equipmentId": "C171557380CC40BE880FAC60CA7FADCF",
        "name": "D2O_ASPM_SCENARIO",
        "internalId": "D2O_ASPM_SCENARIO",
        "status": "2",
        "statusDescription": "Published",
        "version": 6.0,
        "hasInRevision": "0",
        "modelId": "2587CDD7A71B4BC38CAA5A0E27EC6C0F",
        "modelName": "D2O_Model_With_Subclass",
        "shortDescription": "D2O_ASPM_SCENARIO",
        "templateId": "D3A311D074ED2B5B16008C06B9131EF9",
        "subclass": "CONTROL",
        "modelTemplate": "CONTROL",
        "location": null,
        "criticalityCode": null,
        "criticalityDescription": null,
        "manufacturer": "SGW",
        "completeness": 58.0,
        "createdOn": 1556582400000,
        "changedOn": 1556582400000,
        "publishedOn": 1556582400000,
        "serialNumber": "",
        "batchNumber": "",
        "tagNumber": null,
        "lifeCycle": "1",
        "lifeCycleDescription": "Planned",
        "source": "SGW",
        "imageURL": null,
        "operator": "SGW",
        "coordinates": null,
        "installationDate": null,
        "equipmentStatus": null,
        "buildDate": null,
        "isOperatorValid": "true",
        "modelVersion": 0.0,
        "soldTo": null,
        "image": null,
        "consume": "1",
        "dealer": null,
        "serviceProvider": null,
        "primaryExternalId": null,
        "equipmentSearchTerms": null,
        "sourceSearchTerms": "SGW,SGW",
        "manufacturerSearchTerms": "SGW,SGW",
        "operatorSearchTerms": "SGW,SGW",
        "class": "ELECTRIC_ENG_AUTOMATION_PROCESS_CONTROL"
    },
    {
        "equipmentId": "E932041AB4474BCD98E144B15CEC459D",
        "name": "Ai_Testing",
        "internalId": "Ai_Testing",
        "status": "2",
        "statusDescription": "Published",
        "version": 0.0,
        "hasInRevision": "0",
        "modelId": null,
        "modelName": null,
        "shortDescription": "Ai_Testing",
        "templateId": null,
        "subclass": null,
        "modelTemplate": null,
        "location": null,
        "criticalityCode": null,
        "criticalityDescription": null,
        "manufacturer": null,
        "completeness": 29.0,
        "createdOn": 1554768000000,
        "changedOn": 1554768000000,
        "publishedOn": 1554768000000,
        "serialNumber": "",
        "batchNumber": "",
        "tagNumber": null,
        "lifeCycle": "1",
        "lifeCycleDescription": "Planned",
        "source": "dca-unified[213213]",
        "imageURL": null,
        "operator": "dca-unified[213213]",
        "coordinates": null,
        "installationDate": null,
        "equipmentStatus": null,
        "buildDate": null,
        "isOperatorValid": "true",
        "modelVersion": null,
        "soldTo": null,
        "image": null,
        "consume": "1",
        "dealer": null,
        "serviceProvider": null,
        "primaryExternalId": null,
        "equipmentSearchTerms": null,
        "sourceSearchTerms": "dca-unified,dca-unified[213213],dnmcvndfb,,dcndbjhc,",
        "manufacturerSearchTerms": null,
        "operatorSearchTerms": "dca-unified,dca-unified[213213],dnmcvndfb,,dcndbjhc,",
        "class": null
    },
    {
        "equipmentId": "7A0911861ACD4572853A0654365A5A2D",
        "name": "model1111-Equipment",
        "internalId": "model1111-Equipment",
        "status": "2",
        "statusDescription": "Published",
        "version": 0.0,
        "hasInRevision": "0",
        "modelId": "3EBF458C25A1403C9D1F324AA4029A38",
        "modelName": "model1111",
        "shortDescription": "desc11",
        "templateId": "DDA311D074ED2B5B16008C06B9131EF9",
        "subclass": "CONTROL",
        "modelTemplate": "FIELD_BUS_DECENTRALIZED_PERIPHERAL",
        "location": "VIB_TEST_UelWgZiu5G",
        "criticalityCode": null,
        "criticalityDescription": null,
        "manufacturer": "Franka Emika GmbH",
        "completeness": 58.0,
        "createdOn": 1554163200000,
        "changedOn": 1554163200000,
        "publishedOn": 1554163200000,
        "serialNumber": "",
        "batchNumber": "",
        "tagNumber": null,
        "lifeCycle": "1",
        "lifeCycleDescription": "Planned",
        "source": "DCA Manu",
        "imageURL": null,
        "operator": "DCA Manu",
        "coordinates": null,
        "installationDate": 1554163200000,
        "equipmentStatus": null,
        "buildDate": null,
        "isOperatorValid": "true",
        "modelVersion": 1.0,
        "soldTo": null,
        "image": null,
        "consume": "1",
        "dealer": null,
        "serviceProvider": null,
        "primaryExternalId": null,
        "equipmentSearchTerms": null,
        "sourceSearchTerms": "[SAAS TENANT]DCA Manufacturer,DCA Manu",
        "manufacturerSearchTerms": "Franka Emika GmbH",
        "operatorSearchTerms": "[SAAS TENANT]DCA Manufacturer,DCA Manu",
        "class": "ELECTRIC_ENG_AUTOMATION_PROCESS_CONTROL"
    },
    {
        "equipmentId": "039DF23568A3461393B4F9B3C4733A61",
        "name": "Equipment_AIN_Staging",
        "internalId": "Equipment_AIN_Staging",
        "status": "2",
        "statusDescription": "Published",
        "version": 0.0,
        "hasInRevision": "0",
        "modelId": null,
        "modelName": null,
        "shortDescription": "Equipment_AIN_Staging",
        "templateId": null,
        "subclass": null,
        "modelTemplate": null,
        "location": "VIB_TEST_ZrqZQx3OtF",
        "criticalityCode": null,
        "criticalityDescription": null,
        "manufacturer": null,
        "completeness": 29.0,
        "createdOn": 1547164800000,
        "changedOn": 1547164800000,
        "publishedOn": 1547164800000,
        "serialNumber": "",
        "batchNumber": "",
        "tagNumber": null,
        "lifeCycle": "1",
        "lifeCycleDescription": "Planned",
        "source": "[PROD]AIN-CIS-Test",
        "imageURL": null,
        "operator": "[PROD]AIN-CIS-Test",
        "coordinates": null,
        "installationDate": 1554336000000,
        "equipmentStatus": null,
        "buildDate": null,
        "isOperatorValid": "true",
        "modelVersion": null,
        "soldTo": null,
        "image": null,
        "consume": "1",
        "dealer": null,
        "serviceProvider": null,
        "primaryExternalId": null,
        "equipmentSearchTerms": null,
        "sourceSearchTerms": "[PROD]AIN-CIS-Test",
        "manufacturerSearchTerms": null,
        "operatorSearchTerms": "[PROD]AIN-CIS-Test",
        "class": null
    }
]