[
    {
        "equipmentId": "DB37BA44EBC9476890CDB1304A46C9AD",
        "name": "Model_1902_2ndApril-Equipment",
        "internalId": "Model_1902_2ndApril-Equipment",
        "status": "3",
        "statusDescription": "In Revision",
        "version": 2.0,
        "hasInRevision": "1",
        "modelId": "6D6861F7561540E19BC6A588AB853861",
        "modelName": "Model_1902_2ndApril",
        "shortDescription": "Model_1902_2ndApril-Equipmenta",
        "templateId": "6DAD07501AA3ED8A16008C06E004EFFC",
        "subclass": "measuring_instrument_flow_volume",
        "modelTemplate": "coriolis_mass_flow_transmitter",
        "location": "VIB_TEST_UelWgZiu5G",
        "criticalityCode": null,
        "criticalityDescription": null,
        "manufacturer": "Pumps Ltd",
        "completeness": 87.0,
        "createdOn": 1554336000000,
        "changedOn": 1589500800000,
        "publishedOn": 1554249600000,
        "serialNumber": null,
        "batchNumber": null,
        "tagNumber": null,
        "lifeCycle": "9",
        "lifeCycleDescription": "Not Operational",
        "source": "DCA Manu",
        "imageURL": "3DC79573482040FF9A7C9F7EF09CF36B",
        "operator": "DCA Manu",
        "coordinates": null,
        "installationDate": 1554163200000,
        "equipmentStatus": null,
        "buildDate": null,
        "isOperatorValid": "true",
        "modelVersion": 0.0,
        "soldTo": null,
        "image": null,
        "consume": "1",
        "dealer": null,
        "serviceProvider": null,
        "primaryExternalId": null,
        "equipmentSearchTerms": null,
        "sourceSearchTerms": "[SAAS TENANT]DCA Manufacturer,DCA Manu",
        "manufacturerSearchTerms": "Pumps Ltd",
        "operatorSearchTerms": "[SAAS TENANT]DCA Manufacturer,DCA Manu",
        "class": "process_measurement_technology"
    },
    {
        "equipmentId": "6E0FB3A00E1B4306BE7E7FF22F433F77",
        "name": "testEq1",
        "internalId": "testEq1",
        "status": "3",
        "statusDescription": "In Revision",
        "version": 6.0,
        "hasInRevision": "1",
        "modelId": null,
        "modelName": null,
        "shortDescription": "This is a Modified pump",
        "templateId": null,
        "subclass": null,
        "modelTemplate": null,
        "location": null,
        "criticalityCode": null,
        "criticalityDescription": null,
        "manufacturer": "Apple",
        "completeness": 29.0,
        "createdOn": 1564358400000,
        "changedOn": 1564358400000,
        "publishedOn": 1564358400000,
        "serialNumber": null,
        "batchNumber": null,
        "tagNumber": null,
        "lifeCycle": "6",
        "lifeCycleDescription": "Partially Operational",
        "source": "API Hub",
        "imageURL": null,
        "operator": "API Hub",
        "coordinates": null,
        "installationDate": null,
        "equipmentStatus": null,
        "buildDate": null,
        "isOperatorValid": "true",
        "modelVersion": null,
        "soldTo": null,
        "image": null,
        "consume": "1",
        "dealer": null,
        "serviceProvider": null,
        "primaryExternalId": null,
        "equipmentSearchTerms": null,
        "sourceSearchTerms": "API Hub",
        "manufacturerSearchTerms": "Apple",
        "operatorSearchTerms": "API Hub",
        "class": null
    },
    {
        "equipmentId": "FC28BA32B4074AA6844997B8829CB152",
        "name": "Pump 500 series-Equipment",
        "internalId": "Pump 500 series-Equipment",
        "status": "3",
        "statusDescription": "In Revision",
        "version": 1.0,
        "hasInRevision": "1",
        "modelId": "4D60C7F6E8334294B4E91FFB65879FDA",
        "modelName": "Pump 500 series",
        "shortDescription": "Pump 500 series",
        "templateId": "46EF745AE7B79554E10000000A4E706D",
        "subclass": "POSITIVE_DISPLACEMENT_PUMP",
        "modelTemplate": "ROTARY_PUMP",
        "location": null,
        "criticalityCode": null,
        "criticalityDescription": null,
        "manufacturer": "DCA Manu",
        "completeness": 34.0,
        "createdOn": 1563926400000,
        "changedOn": 1563926400000,
        "publishedOn": 1563926400000,
        "serialNumber": "",
        "batchNumber": "",
        "tagNumber": null,
        "lifeCycle": "1",
        "lifeCycleDescription": "Planned",
        "source": "dca-unified[213213]",
        "imageURL": "59D290BB3D0545B0818C600B574C5ADD",
        "operator": "dca-unified[213213]",
        "coordinates": null,
        "installationDate": null,
        "equipmentStatus": null,
        "buildDate": null,
        "isOperatorValid": "true",
        "modelVersion": 1.0,
        "soldTo": null,
        "image": null,
        "consume": "1",
        "dealer": null,
        "serviceProvider": null,
        "primaryExternalId": null,
        "equipmentSearchTerms": null,
        "sourceSearchTerms": "dca-unified,dca-unified[213213],dnmcvndfb,,dcndbjhc,",
        "manufacturerSearchTerms": "[SAAS TENANT]DCA Manufacturer,DCA Manu",
        "operatorSearchTerms": "dca-unified,dca-unified[213213],dnmcvndfb,,dcndbjhc,",
        "class": "PUMP"
    }
]