[
    {
        "categoryID": "B4496A501AA3ED8A16008C06E004EFFC",
        "propertyId": "AA8714B50ED84CAD8A6E970F9859E8CB",
        "indicatorGroupName": "11Dec_Muk_IG_01",
        "indicatorName": "11Dec_Muk_Indicator_01",
        "indicatorGroupDesc": "11Dec_Muk_IG_01",
        "objectId": "6D6861F7561540E19BC6A588AB853861",
        "indicatorSource": "MOD",
        "aggUpdatedTimestamp": null,
        "indicatorCategory": "1",
        "colorCode": null,
        "thresholdDescription": null,
        "convertedAggregatedValue": null,
        "trend": null,
        "dataType": "numeric",
        "indicatorType": "Measured",
        "convertedUOMDesc": null,
        "UOM": "FA",
        "convertedUOM": "FA",
        "indicatorDesc": "11Dec_Muk_Indicator_01",
        "indicatorColorCode": "#995757",
        "isFavorite": "0",
        "UOMDescription": "°F",
        "Dimension": "TEMP",
        "DimensionDesc": "Temperature",
        "uomdescription": "°F",
        "dimension": "TEMP",
        "dimensionDesc": "Temperature",
        "pstid": "9F4A1AD074ED2B5B16008C06B9131EF9",
        "uom": "FA"
    },
    {
        "categoryID": "B4496A501AA3ED8A16008C06E004EFFC",
        "propertyId": "E3D6E66927C94F778375CCDB00D614B5",
        "indicatorGroupName": "IndicatorGroup_SK_2ndApril",
        "indicatorName": "Indicator_SK_2ndApril",
        "indicatorGroupDesc": "IndicatorGroup_SK_2ndApril",
        "objectId": "6D6861F7561540E19BC6A588AB853861",
        "indicatorSource": "MOD",
        "aggUpdatedTimestamp": null,
        "indicatorCategory": "1",
        "colorCode": null,
        "thresholdDescription": null,
        "convertedAggregatedValue": null,
        "trend": null,
        "dataType": "numeric",
        "indicatorType": "Measured",
        "convertedUOMDesc": null,
        "UOM": "mGy",
        "convertedUOM": "mGy",
        "indicatorDesc": "Indicator_SK_2ndApril",
        "indicatorColorCode": "",
        "isFavorite": "0",
        "UOMDescription": "mGy",
        "Dimension": "ABSDOS",
        "DimensionDesc": "Absorbed Dose",
        "uomdescription": "mGy",
        "dimension": "ABSDOS",
        "dimensionDesc": "Absorbed Dose",
        "pstid": "B9496A501AA3ED8A16008C06E004EFFC",
        "uom": "mGy"
    },
    {
        "categoryID": "B4496A501AA3ED8A16008C06E004EFFC",
        "propertyId": "C42341A852F94D00BB0709EB6E4FBE08",
        "indicatorGroupName": "IndicatorGroup_SK_2ndApril",
        "indicatorName": "Indicator_SK_2ndApril_02",
        "indicatorGroupDesc": "IndicatorGroup_SK_2ndApril",
        "objectId": "6D6861F7561540E19BC6A588AB853861",
        "indicatorSource": "MOD",
        "aggUpdatedTimestamp": null,
        "indicatorCategory": "1",
        "colorCode": null,
        "thresholdDescription": null,
        "convertedAggregatedValue": null,
        "trend": null,
        "dataType": "numericflexible",
        "indicatorType": "Calculated",
        "convertedUOMDesc": null,
        "UOM": null,
        "convertedUOM": null,
        "indicatorDesc": "Indicator_SK_2ndApril_02",
        "indicatorColorCode": "",
        "isFavorite": "0",
        "UOMDescription": null,
        "Dimension": null,
        "DimensionDesc": null,
        "uomdescription": null,
        "dimension": null,
        "dimensionDesc": null,
        "pstid": "B9496A501AA3ED8A16008C06E004EFFC",
        "uom": null
    },
    {
        "categoryID": "B4496A501AA3ED8A16008C06E004EFFC",
        "propertyId": "E7B08CA3A4F44DC0AD512FBBABB566F9",
        "indicatorGroupName": "IndicatorGroup_SK_2ndApril",
        "indicatorName": "Indicator_SK_2ndApril_03",
        "indicatorGroupDesc": "IndicatorGroup_SK_2ndApril",
        "objectId": "6D6861F7561540E19BC6A588AB853861",
        "indicatorSource": "MOD",
        "aggUpdatedTimestamp": null,
        "indicatorCategory": null,
        "colorCode": null,
        "thresholdDescription": null,
        "convertedAggregatedValue": null,
        "trend": null,
        "dataType": "string",
        "indicatorType": "Assessed",
        "convertedUOMDesc": null,
        "UOM": null,
        "convertedUOM": null,
        "indicatorDesc": "Indicator_SK_2ndApril_03",
        "indicatorColorCode": null,
        "isFavorite": "0",
        "UOMDescription": null,
        "Dimension": null,
        "DimensionDesc": null,
        "uomdescription": null,
        "dimension": null,
        "dimensionDesc": null,
        "pstid": "B9496A501AA3ED8A16008C06E004EFFC",
        "uom": null
    },
    {
        "categoryID": "B4496A501AA3ED8A16008C06E004EFFC",
        "propertyId": "DB7B012DDECF4ABA87A78BD565667365",
        "indicatorGroupName": "Ashas_Language_Indicator_Group",
        "indicatorName": "English",
        "indicatorGroupDesc": "Ashas_Language_Indicator_Group",
        "objectId": "6D6861F7561540E19BC6A588AB853861",
        "indicatorSource": "MOD",
        "aggUpdatedTimestamp": null,
        "indicatorCategory": null,
        "colorCode": null,
        "thresholdDescription": null,
        "convertedAggregatedValue": null,
        "trend": null,
        "dataType": "date",
        "indicatorType": "Measured,Assessed,Calculated",
        "convertedUOMDesc": null,
        "UOM": null,
        "convertedUOM": null,
        "indicatorDesc": "English ",
        "indicatorColorCode": null,
        "isFavorite": "0",
        "UOMDescription": null,
        "Dimension": null,
        "DimensionDesc": null,
        "uomdescription": null,
        "dimension": null,
        "dimensionDesc": null,
        "pstid": "05DA4D501AA3ED8A16008C06E004EFFC",
        "uom": null
    },
    {
        "categoryID": "B4496A501AA3ED8A16008C06E004EFFC",
        "propertyId": "1526ACFA11984595B8C17C36DCF17C2F",
        "indicatorGroupName": "Ashas_Language_Indicator_Group",
        "indicatorName": "Hindi",
        "indicatorGroupDesc": "Ashas_Language_Indicator_Group",
        "objectId": "6D6861F7561540E19BC6A588AB853861",
        "indicatorSource": "MOD",
        "aggUpdatedTimestamp": null,
        "indicatorCategory": null,
        "colorCode": null,
        "thresholdDescription": null,
        "convertedAggregatedValue": null,
        "trend": null,
        "dataType": "boolean",
        "indicatorType": "Assessed,Measured,Calculated",
        "convertedUOMDesc": null,
        "UOM": null,
        "convertedUOM": null,
        "indicatorDesc": "Hindi ",
        "indicatorColorCode": null,
        "isFavorite": "0",
        "UOMDescription": null,
        "Dimension": null,
        "DimensionDesc": null,
        "uomdescription": null,
        "dimension": null,
        "dimensionDesc": null,
        "pstid": "05DA4D501AA3ED8A16008C06E004EFFC",
        "uom": null
    },
    {
        "categoryID": "B4496A501AA3ED8A16008C06E004EFFC",
        "propertyId": "DB5CC87C148C44219A3708D326E689D4",
        "indicatorGroupName": "Ashas_Language_Indicator_Group",
        "indicatorName": "German",
        "indicatorGroupDesc": "Ashas_Language_Indicator_Group",
        "objectId": "6D6861F7561540E19BC6A588AB853861",
        "indicatorSource": "MOD",
        "aggUpdatedTimestamp": null,
        "indicatorCategory": null,
        "colorCode": null,
        "thresholdDescription": null,
        "convertedAggregatedValue": null,
        "trend": null,
        "dataType": "string",
        "indicatorType": "Calculated,Measured,Assessed",
        "convertedUOMDesc": null,
        "UOM": null,
        "convertedUOM": null,
        "indicatorDesc": "German",
        "indicatorColorCode": null,
        "isFavorite": "0",
        "UOMDescription": null,
        "Dimension": null,
        "DimensionDesc": null,
        "uomdescription": null,
        "dimension": null,
        "dimensionDesc": null,
        "pstid": "05DA4D501AA3ED8A16008C06E004EFFC",
        "uom": null
    },
    {
        "categoryID": "B4496A501AA3ED8A16008C06E004EFFC",
        "propertyId": "A6A3DDB08AFA4007A37C74509BC7E3D5",
        "indicatorGroupName": "Ashas_Language_Indicator_Group",
        "indicatorName": "French",
        "indicatorGroupDesc": "Ashas_Language_Indicator_Group",
        "objectId": "6D6861F7561540E19BC6A588AB853861",
        "indicatorSource": "MOD",
        "aggUpdatedTimestamp": null,
        "indicatorCategory": "2",
        "colorCode": null,
        "thresholdDescription": null,
        "convertedAggregatedValue": null,
        "trend": null,
        "dataType": "numeric",
        "indicatorType": "Calculated,Assessed,Measured",
        "convertedUOMDesc": null,
        "UOM": "nW",
        "convertedUOM": "nW",
        "indicatorDesc": "French ",
        "indicatorColorCode": "#ba1d1d",
        "isFavorite": "0",
        "UOMDescription": "nW",
        "Dimension": "ACTIVE",
        "DimensionDesc": "Active Power",
        "uomdescription": "nW",
        "dimension": "ACTIVE",
        "dimensionDesc": "Active Power",
        "pstid": "05DA4D501AA3ED8A16008C06E004EFFC",
        "uom": "nW"
    },
    {
        "categoryID": "B4496A501AA3ED8A16008C06E004EFFC",
        "propertyId": "731FC9F7663944DDA7BCF1150DD5DBF9",
        "indicatorGroupName": "Ashas_Language_Indicator_Group",
        "indicatorName": "Polish",
        "indicatorGroupDesc": "Ashas_Language_Indicator_Group",
        "objectId": "6D6861F7561540E19BC6A588AB853861",
        "indicatorSource": "MOD",
        "aggUpdatedTimestamp": null,
        "indicatorCategory": "3",
        "colorCode": null,
        "thresholdDescription": null,
        "convertedAggregatedValue": null,
        "trend": null,
        "dataType": "numericflexible",
        "indicatorType": "Calculated,Measured,Assessed",
        "convertedUOMDesc": null,
        "UOM": "flm",
        "convertedUOM": "flm",
        "indicatorDesc": "Polish",
        "indicatorColorCode": "#d8cf20",
        "isFavorite": "0",
        "UOMDescription": "ft·lbf/min",
        "Dimension": "ACTIVE",
        "DimensionDesc": "Active Power",
        "uomdescription": "ft·lbf/min",
        "dimension": "ACTIVE",
        "dimensionDesc": "Active Power",
        "pstid": "05DA4D501AA3ED8A16008C06E004EFFC",
        "uom": "flm"
    },
    {
        "categoryID": "B4496A501AA3ED8A16008C06E004EFFC",
        "propertyId": "2202935AA45342DD90027523C39266C5",
        "indicatorGroupName": "Ashas_Language_Indicator_Group",
        "indicatorName": "Russian",
        "indicatorGroupDesc": "Ashas_Language_Indicator_Group",
        "objectId": "6D6861F7561540E19BC6A588AB853861",
        "indicatorSource": "MOD",
        "aggUpdatedTimestamp": null,
        "indicatorCategory": null,
        "colorCode": null,
        "thresholdDescription": null,
        "convertedAggregatedValue": null,
        "trend": null,
        "dataType": "date",
        "indicatorType": "Calculated,Assessed,Measured",
        "convertedUOMDesc": null,
        "UOM": null,
        "convertedUOM": null,
        "indicatorDesc": "Russian",
        "indicatorColorCode": null,
        "isFavorite": "0",
        "UOMDescription": null,
        "Dimension": null,
        "DimensionDesc": null,
        "uomdescription": null,
        "dimension": null,
        "dimensionDesc": null,
        "pstid": "05DA4D501AA3ED8A16008C06E004EFFC",
        "uom": null
    },
    {
        "categoryID": "B4496A501AA3ED8A16008C06E004EFFC",
        "propertyId": "EEA7ECC2A7EC44F89DA539B1A5F7B315",
        "indicatorGroupName": "Ashas_Language_Indicator_Group",
        "indicatorName": "Chinese",
        "indicatorGroupDesc": "Ashas_Language_Indicator_Group",
        "objectId": "6D6861F7561540E19BC6A588AB853861",
        "indicatorSource": "MOD",
        "aggUpdatedTimestamp": null,
        "indicatorCategory": null,
        "colorCode": null,
        "thresholdDescription": null,
        "convertedAggregatedValue": null,
        "trend": null,
        "dataType": "boolean",
        "indicatorType": "Calculated,Measured,Assessed",
        "convertedUOMDesc": null,
        "UOM": null,
        "convertedUOM": null,
        "indicatorDesc": "Chinese",
        "indicatorColorCode": null,
        "isFavorite": "0",
        "UOMDescription": null,
        "Dimension": null,
        "DimensionDesc": null,
        "uomdescription": null,
        "dimension": null,
        "dimensionDesc": null,
        "pstid": "05DA4D501AA3ED8A16008C06E004EFFC",
        "uom": null
    },
    {
        "categoryID": "B4496A501AA3ED8A16008C06E004EFFC",
        "propertyId": "CC26CFB70E9F4BEF853AB8139A4A8D45",
        "indicatorGroupName": "Ashas_Language_Indicator_Group",
        "indicatorName": "Korean",
        "indicatorGroupDesc": "Ashas_Language_Indicator_Group",
        "objectId": "6D6861F7561540E19BC6A588AB853861",
        "indicatorSource": "MOD",
        "aggUpdatedTimestamp": null,
        "indicatorCategory": null,
        "colorCode": null,
        "thresholdDescription": null,
        "convertedAggregatedValue": null,
        "trend": null,
        "dataType": "string",
        "indicatorType": "Calculated,Measured,Assessed",
        "convertedUOMDesc": null,
        "UOM": null,
        "convertedUOM": null,
        "indicatorDesc": "Korean",
        "indicatorColorCode": null,
        "isFavorite": "0",
        "UOMDescription": null,
        "Dimension": null,
        "DimensionDesc": null,
        "uomdescription": null,
        "dimension": null,
        "dimensionDesc": null,
        "pstid": "05DA4D501AA3ED8A16008C06E004EFFC",
        "uom": null
    },
    {
        "categoryID": "B4496A501AA3ED8A16008C06E004EFFC",
        "propertyId": "E814FF8637BB42A2933ACB7A461C5681",
        "indicatorGroupName": "Ashas_Language_Indicator_Group",
        "indicatorName": "Arabic",
        "indicatorGroupDesc": "Ashas_Language_Indicator_Group",
        "objectId": "6D6861F7561540E19BC6A588AB853861",
        "indicatorSource": "MOD",
        "aggUpdatedTimestamp": null,
        "indicatorCategory": "1",
        "colorCode": null,
        "thresholdDescription": null,
        "convertedAggregatedValue": null,
        "trend": null,
        "dataType": "numeric",
        "indicatorType": "Assessed,Measured,Calculated",
        "convertedUOMDesc": null,
        "UOM": "Gy",
        "convertedUOM": "Gy",
        "indicatorDesc": "Arabic",
        "indicatorColorCode": "#dd761c",
        "isFavorite": "0",
        "UOMDescription": "Gy",
        "Dimension": "ABSDOS",
        "DimensionDesc": "Absorbed Dose",
        "uomdescription": "Gy",
        "dimension": "ABSDOS",
        "dimensionDesc": "Absorbed Dose",
        "pstid": "05DA4D501AA3ED8A16008C06E004EFFC",
        "uom": "Gy"
    },
    {
        "categoryID": "B4496A501AA3ED8A16008C06E004EFFC",
        "propertyId": "26B8731D030944AF841EB2B5F9295C2C",
        "indicatorGroupName": "Ashas_Language_Indicator_Group",
        "indicatorName": "Turkish",
        "indicatorGroupDesc": "Ashas_Language_Indicator_Group",
        "objectId": "6D6861F7561540E19BC6A588AB853861",
        "indicatorSource": "MOD",
        "aggUpdatedTimestamp": null,
        "indicatorCategory": "1",
        "colorCode": null,
        "thresholdDescription": null,
        "convertedAggregatedValue": null,
        "trend": null,
        "dataType": "numericflexible",
        "indicatorType": "Assessed,Measured,Calculated",
        "convertedUOMDesc": null,
        "UOM": null,
        "convertedUOM": null,
        "indicatorDesc": "Turkish",
        "indicatorColorCode": "#59dd1c",
        "isFavorite": "0",
        "UOMDescription": null,
        "Dimension": null,
        "DimensionDesc": null,
        "uomdescription": null,
        "dimension": null,
        "dimensionDesc": null,
        "pstid": "05DA4D501AA3ED8A16008C06E004EFFC",
        "uom": null
    },
    {
        "categoryID": "B4496A501AA3ED8A16008C06E004EFFC",
        "propertyId": "71E8B7F7DAFB4A8694F2784CFB752836",
        "indicatorGroupName": "Ashas_Language_Indicator_Group",
        "indicatorName": "Swahili",
        "indicatorGroupDesc": "Ashas_Language_Indicator_Group",
        "objectId": "6D6861F7561540E19BC6A588AB853861",
        "indicatorSource": "MOD",
        "aggUpdatedTimestamp": null,
        "indicatorCategory": null,
        "colorCode": null,
        "thresholdDescription": null,
        "convertedAggregatedValue": null,
        "trend": null,
        "dataType": "date",
        "indicatorType": "Measured,Calculated,Assessed",
        "convertedUOMDesc": null,
        "UOM": null,
        "convertedUOM": null,
        "indicatorDesc": "Swahili",
        "indicatorColorCode": null,
        "isFavorite": "0",
        "UOMDescription": null,
        "Dimension": null,
        "DimensionDesc": null,
        "uomdescription": null,
        "dimension": null,
        "dimensionDesc": null,
        "pstid": "05DA4D501AA3ED8A16008C06E004EFFC",
        "uom": null
    },
    {
        "categoryID": "B4496A501AA3ED8A16008C06E004EFFC",
        "propertyId": "0441164DFEE747759F28EC80F570766D",
        "indicatorGroupName": "Ashas_Language_Indicator_Group",
        "indicatorName": "Mandarin",
        "indicatorGroupDesc": "Ashas_Language_Indicator_Group",
        "objectId": "6D6861F7561540E19BC6A588AB853861",
        "indicatorSource": "MOD",
        "aggUpdatedTimestamp": null,
        "indicatorCategory": null,
        "colorCode": null,
        "thresholdDescription": null,
        "convertedAggregatedValue": null,
        "trend": null,
        "dataType": "boolean",
        "indicatorType": "Calculated,Measured,Assessed",
        "convertedUOMDesc": null,
        "UOM": null,
        "convertedUOM": null,
        "indicatorDesc": "Mandarin",
        "indicatorColorCode": null,
        "isFavorite": "0",
        "UOMDescription": null,
        "Dimension": null,
        "DimensionDesc": null,
        "uomdescription": null,
        "dimension": null,
        "dimensionDesc": null,
        "pstid": "05DA4D501AA3ED8A16008C06E004EFFC",
        "uom": null
    },
    {
        "categoryID": "B4496A501AA3ED8A16008C06E004EFFC",
        "propertyId": "A6C68A3EE01346398C6730F87CFB8F3E",
        "indicatorGroupName": "Ashas_Language_Indicator_Group",
        "indicatorName": "Thai",
        "indicatorGroupDesc": "Ashas_Language_Indicator_Group",
        "objectId": "6D6861F7561540E19BC6A588AB853861",
        "indicatorSource": "MOD",
        "aggUpdatedTimestamp": null,
        "indicatorCategory": null,
        "colorCode": null,
        "thresholdDescription": null,
        "convertedAggregatedValue": null,
        "trend": null,
        "dataType": "string",
        "indicatorType": "Measured,Calculated,Assessed",
        "convertedUOMDesc": null,
        "UOM": null,
        "convertedUOM": null,
        "indicatorDesc": "Thai",
        "indicatorColorCode": null,
        "isFavorite": "0",
        "UOMDescription": null,
        "Dimension": null,
        "DimensionDesc": null,
        "uomdescription": null,
        "dimension": null,
        "dimensionDesc": null,
        "pstid": "05DA4D501AA3ED8A16008C06E004EFFC",
        "uom": null
    },
    {
        "categoryID": "B4496A501AA3ED8A16008C06E004EFFC",
        "propertyId": "12E1F96437D74F58B0B0C55C1BCB1AF6",
        "indicatorGroupName": "Ashas_Language_Indicator_Group",
        "indicatorName": "Urdu",
        "indicatorGroupDesc": "Ashas_Language_Indicator_Group",
        "objectId": "6D6861F7561540E19BC6A588AB853861",
        "indicatorSource": "MOD",
        "aggUpdatedTimestamp": null,
        "indicatorCategory": "2",
        "colorCode": null,
        "thresholdDescription": null,
        "convertedAggregatedValue": null,
        "trend": null,
        "dataType": "numeric",
        "indicatorType": "Measured,Calculated,Assessed",
        "convertedUOMDesc": null,
        "UOM": "flm",
        "convertedUOM": "flm",
        "indicatorDesc": "Urdu",
        "indicatorColorCode": "#dd1c93",
        "isFavorite": "0",
        "UOMDescription": "ft·lbf/min",
        "Dimension": "ACTIVE",
        "DimensionDesc": "Active Power",
        "uomdescription": "ft·lbf/min",
        "dimension": "ACTIVE",
        "dimensionDesc": "Active Power",
        "pstid": "05DA4D501AA3ED8A16008C06E004EFFC",
        "uom": "flm"
    }
][
    {
        "categoryID": "B4496A501AA3ED8A16008C06E004EFFC",
        "propertyId": "AA8714B50ED84CAD8A6E970F9859E8CB",
        "indicatorGroupName": "11Dec_Muk_IG_01",
        "indicatorName": "11Dec_Muk_Indicator_01",
        "indicatorGroupDesc": "11Dec_Muk_IG_01",
        "objectId": "6D6861F7561540E19BC6A588AB853861",
        "indicatorSource": "MOD",
        "aggUpdatedTimestamp": null,
        "indicatorCategory": "1",
        "colorCode": null,
        "thresholdDescription": null,
        "convertedAggregatedValue": null,
        "trend": null,
        "dataType": "numeric",
        "indicatorType": "Measured",
        "convertedUOMDesc": null,
        "UOM": "FA",
        "convertedUOM": "FA",
        "indicatorDesc": "11Dec_Muk_Indicator_01",
        "indicatorColorCode": "#995757",
        "isFavorite": "0",
        "UOMDescription": "°F",
        "Dimension": "TEMP",
        "DimensionDesc": "Temperature",
        "uomdescription": "°F",
        "dimension": "TEMP",
        "dimensionDesc": "Temperature",
        "pstid": "9F4A1AD074ED2B5B16008C06B9131EF9",
        "uom": "FA"
    },
    {
        "categoryID": "B4496A501AA3ED8A16008C06E004EFFC",
        "propertyId": "E3D6E66927C94F778375CCDB00D614B5",
        "indicatorGroupName": "IndicatorGroup_SK_2ndApril",
        "indicatorName": "Indicator_SK_2ndApril",
        "indicatorGroupDesc": "IndicatorGroup_SK_2ndApril",
        "objectId": "6D6861F7561540E19BC6A588AB853861",
        "indicatorSource": "MOD",
        "aggUpdatedTimestamp": null,
        "indicatorCategory": "1",
        "colorCode": null,
        "thresholdDescription": null,
        "convertedAggregatedValue": null,
        "trend": null,
        "dataType": "numeric",
        "indicatorType": "Measured",
        "convertedUOMDesc": null,
        "UOM": "mGy",
        "convertedUOM": "mGy",
        "indicatorDesc": "Indicator_SK_2ndApril",
        "indicatorColorCode": "",
        "isFavorite": "0",
        "UOMDescription": "mGy",
        "Dimension": "ABSDOS",
        "DimensionDesc": "Absorbed Dose",
        "uomdescription": "mGy",
        "dimension": "ABSDOS",
        "dimensionDesc": "Absorbed Dose",
        "pstid": "B9496A501AA3ED8A16008C06E004EFFC",
        "uom": "mGy"
    },
    {
        "categoryID": "B4496A501AA3ED8A16008C06E004EFFC",
        "propertyId": "C42341A852F94D00BB0709EB6E4FBE08",
        "indicatorGroupName": "IndicatorGroup_SK_2ndApril",
        "indicatorName": "Indicator_SK_2ndApril_02",
        "indicatorGroupDesc": "IndicatorGroup_SK_2ndApril",
        "objectId": "6D6861F7561540E19BC6A588AB853861",
        "indicatorSource": "MOD",
        "aggUpdatedTimestamp": null,
        "indicatorCategory": "1",
        "colorCode": null,
        "thresholdDescription": null,
        "convertedAggregatedValue": null,
        "trend": null,
        "dataType": "numericflexible",
        "indicatorType": "Calculated",
        "convertedUOMDesc": null,
        "UOM": null,
        "convertedUOM": null,
        "indicatorDesc": "Indicator_SK_2ndApril_02",
        "indicatorColorCode": "",
        "isFavorite": "0",
        "UOMDescription": null,
        "Dimension": null,
        "DimensionDesc": null,
        "uomdescription": null,
        "dimension": null,
        "dimensionDesc": null,
        "pstid": "B9496A501AA3ED8A16008C06E004EFFC",
        "uom": null
    },
    {
        "categoryID": "B4496A501AA3ED8A16008C06E004EFFC",
        "propertyId": "E7B08CA3A4F44DC0AD512FBBABB566F9",
        "indicatorGroupName": "IndicatorGroup_SK_2ndApril",
        "indicatorName": "Indicator_SK_2ndApril_03",
        "indicatorGroupDesc": "IndicatorGroup_SK_2ndApril",
        "objectId": "6D6861F7561540E19BC6A588AB853861",
        "indicatorSource": "MOD",
        "aggUpdatedTimestamp": null,
        "indicatorCategory": null,
        "colorCode": null,
        "thresholdDescription": null,
        "convertedAggregatedValue": null,
        "trend": null,
        "dataType": "string",
        "indicatorType": "Assessed",
        "convertedUOMDesc": null,
        "UOM": null,
        "convertedUOM": null,
        "indicatorDesc": "Indicator_SK_2ndApril_03",
        "indicatorColorCode": null,
        "isFavorite": "0",
        "UOMDescription": null,
        "Dimension": null,
        "DimensionDesc": null,
        "uomdescription": null,
        "dimension": null,
        "dimensionDesc": null,
        "pstid": "B9496A501AA3ED8A16008C06E004EFFC",
        "uom": null
    },
    {
        "categoryID": "B4496A501AA3ED8A16008C06E004EFFC",
        "propertyId": "DB7B012DDECF4ABA87A78BD565667365",
        "indicatorGroupName": "Ashas_Language_Indicator_Group",
        "indicatorName": "English",
        "indicatorGroupDesc": "Ashas_Language_Indicator_Group",
        "objectId": "6D6861F7561540E19BC6A588AB853861",
        "indicatorSource": "MOD",
        "aggUpdatedTimestamp": null,
        "indicatorCategory": null,
        "colorCode": null,
        "thresholdDescription": null,
        "convertedAggregatedValue": null,
        "trend": null,
        "dataType": "date",
        "indicatorType": "Measured,Assessed,Calculated",
        "convertedUOMDesc": null,
        "UOM": null,
        "convertedUOM": null,
        "indicatorDesc": "English ",
        "indicatorColorCode": null,
        "isFavorite": "0",
        "UOMDescription": null,
        "Dimension": null,
        "DimensionDesc": null,
        "uomdescription": null,
        "dimension": null,
        "dimensionDesc": null,
        "pstid": "05DA4D501AA3ED8A16008C06E004EFFC",
        "uom": null
    },
    {
        "categoryID": "B4496A501AA3ED8A16008C06E004EFFC",
        "propertyId": "1526ACFA11984595B8C17C36DCF17C2F",
        "indicatorGroupName": "Ashas_Language_Indicator_Group",
        "indicatorName": "Hindi",
        "indicatorGroupDesc": "Ashas_Language_Indicator_Group",
        "objectId": "6D6861F7561540E19BC6A588AB853861",
        "indicatorSource": "MOD",
        "aggUpdatedTimestamp": null,
        "indicatorCategory": null,
        "colorCode": null,
        "thresholdDescription": null,
        "convertedAggregatedValue": null,
        "trend": null,
        "dataType": "boolean",
        "indicatorType": "Assessed,Measured,Calculated",
        "convertedUOMDesc": null,
        "UOM": null,
        "convertedUOM": null,
        "indicatorDesc": "Hindi ",
        "indicatorColorCode": null,
        "isFavorite": "0",
        "UOMDescription": null,
        "Dimension": null,
        "DimensionDesc": null,
        "uomdescription": null,
        "dimension": null,
        "dimensionDesc": null,
        "pstid": "05DA4D501AA3ED8A16008C06E004EFFC",
        "uom": null
    },
    {
        "categoryID": "B4496A501AA3ED8A16008C06E004EFFC",
        "propertyId": "DB5CC87C148C44219A3708D326E689D4",
        "indicatorGroupName": "Ashas_Language_Indicator_Group",
        "indicatorName": "German",
        "indicatorGroupDesc": "Ashas_Language_Indicator_Group",
        "objectId": "6D6861F7561540E19BC6A588AB853861",
        "indicatorSource": "MOD",
        "aggUpdatedTimestamp": null,
        "indicatorCategory": null,
        "colorCode": null,
        "thresholdDescription": null,
        "convertedAggregatedValue": null,
        "trend": null,
        "dataType": "string",
        "indicatorType": "Calculated,Measured,Assessed",
        "convertedUOMDesc": null,
        "UOM": null,
        "convertedUOM": null,
        "indicatorDesc": "German",
        "indicatorColorCode": null,
        "isFavorite": "0",
        "UOMDescription": null,
        "Dimension": null,
        "DimensionDesc": null,
        "uomdescription": null,
        "dimension": null,
        "dimensionDesc": null,
        "pstid": "05DA4D501AA3ED8A16008C06E004EFFC",
        "uom": null
    },
    {
        "categoryID": "B4496A501AA3ED8A16008C06E004EFFC",
        "propertyId": "A6A3DDB08AFA4007A37C74509BC7E3D5",
        "indicatorGroupName": "Ashas_Language_Indicator_Group",
        "indicatorName": "French",
        "indicatorGroupDesc": "Ashas_Language_Indicator_Group",
        "objectId": "6D6861F7561540E19BC6A588AB853861",
        "indicatorSource": "MOD",
        "aggUpdatedTimestamp": null,
        "indicatorCategory": "2",
        "colorCode": null,
        "thresholdDescription": null,
        "convertedAggregatedValue": null,
        "trend": null,
        "dataType": "numeric",
        "indicatorType": "Calculated,Assessed,Measured",
        "convertedUOMDesc": null,
        "UOM": "nW",
        "convertedUOM": "nW",
        "indicatorDesc": "French ",
        "indicatorColorCode": "#ba1d1d",
        "isFavorite": "0",
        "UOMDescription": "nW",
        "Dimension": "ACTIVE",
        "DimensionDesc": "Active Power",
        "uomdescription": "nW",
        "dimension": "ACTIVE",
        "dimensionDesc": "Active Power",
        "pstid": "05DA4D501AA3ED8A16008C06E004EFFC",
        "uom": "nW"
    },
    {
        "categoryID": "B4496A501AA3ED8A16008C06E004EFFC",
        "propertyId": "731FC9F7663944DDA7BCF1150DD5DBF9",
        "indicatorGroupName": "Ashas_Language_Indicator_Group",
        "indicatorName": "Polish",
        "indicatorGroupDesc": "Ashas_Language_Indicator_Group",
        "objectId": "6D6861F7561540E19BC6A588AB853861",
        "indicatorSource": "MOD",
        "aggUpdatedTimestamp": null,
        "indicatorCategory": "3",
        "colorCode": null,
        "thresholdDescription": null,
        "convertedAggregatedValue": null,
        "trend": null,
        "dataType": "numericflexible",
        "indicatorType": "Calculated,Measured,Assessed",
        "convertedUOMDesc": null,
        "UOM": "flm",
        "convertedUOM": "flm",
        "indicatorDesc": "Polish",
        "indicatorColorCode": "#d8cf20",
        "isFavorite": "0",
        "UOMDescription": "ft·lbf/min",
        "Dimension": "ACTIVE",
        "DimensionDesc": "Active Power",
        "uomdescription": "ft·lbf/min",
        "dimension": "ACTIVE",
        "dimensionDesc": "Active Power",
        "pstid": "05DA4D501AA3ED8A16008C06E004EFFC",
        "uom": "flm"
    },
    {
        "categoryID": "B4496A501AA3ED8A16008C06E004EFFC",
        "propertyId": "2202935AA45342DD90027523C39266C5",
        "indicatorGroupName": "Ashas_Language_Indicator_Group",
        "indicatorName": "Russian",
        "indicatorGroupDesc": "Ashas_Language_Indicator_Group",
        "objectId": "6D6861F7561540E19BC6A588AB853861",
        "indicatorSource": "MOD",
        "aggUpdatedTimestamp": null,
        "indicatorCategory": null,
        "colorCode": null,
        "thresholdDescription": null,
        "convertedAggregatedValue": null,
        "trend": null,
        "dataType": "date",
        "indicatorType": "Calculated,Assessed,Measured",
        "convertedUOMDesc": null,
        "UOM": null,
        "convertedUOM": null,
        "indicatorDesc": "Russian",
        "indicatorColorCode": null,
        "isFavorite": "0",
        "UOMDescription": null,
        "Dimension": null,
        "DimensionDesc": null,
        "uomdescription": null,
        "dimension": null,
        "dimensionDesc": null,
        "pstid": "05DA4D501AA3ED8A16008C06E004EFFC",
        "uom": null
    },
    {
        "categoryID": "B4496A501AA3ED8A16008C06E004EFFC",
        "propertyId": "EEA7ECC2A7EC44F89DA539B1A5F7B315",
        "indicatorGroupName": "Ashas_Language_Indicator_Group",
        "indicatorName": "Chinese",
        "indicatorGroupDesc": "Ashas_Language_Indicator_Group",
        "objectId": "6D6861F7561540E19BC6A588AB853861",
        "indicatorSource": "MOD",
        "aggUpdatedTimestamp": null,
        "indicatorCategory": null,
        "colorCode": null,
        "thresholdDescription": null,
        "convertedAggregatedValue": null,
        "trend": null,
        "dataType": "boolean",
        "indicatorType": "Calculated,Measured,Assessed",
        "convertedUOMDesc": null,
        "UOM": null,
        "convertedUOM": null,
        "indicatorDesc": "Chinese",
        "indicatorColorCode": null,
        "isFavorite": "0",
        "UOMDescription": null,
        "Dimension": null,
        "DimensionDesc": null,
        "uomdescription": null,
        "dimension": null,
        "dimensionDesc": null,
        "pstid": "05DA4D501AA3ED8A16008C06E004EFFC",
        "uom": null
    },
    {
        "categoryID": "B4496A501AA3ED8A16008C06E004EFFC",
        "propertyId": "CC26CFB70E9F4BEF853AB8139A4A8D45",
        "indicatorGroupName": "Ashas_Language_Indicator_Group",
        "indicatorName": "Korean",
        "indicatorGroupDesc": "Ashas_Language_Indicator_Group",
        "objectId": "6D6861F7561540E19BC6A588AB853861",
        "indicatorSource": "MOD",
        "aggUpdatedTimestamp": null,
        "indicatorCategory": null,
        "colorCode": null,
        "thresholdDescription": null,
        "convertedAggregatedValue": null,
        "trend": null,
        "dataType": "string",
        "indicatorType": "Calculated,Measured,Assessed",
        "convertedUOMDesc": null,
        "UOM": null,
        "convertedUOM": null,
        "indicatorDesc": "Korean",
        "indicatorColorCode": null,
        "isFavorite": "0",
        "UOMDescription": null,
        "Dimension": null,
        "DimensionDesc": null,
        "uomdescription": null,
        "dimension": null,
        "dimensionDesc": null,
        "pstid": "05DA4D501AA3ED8A16008C06E004EFFC",
        "uom": null
    },
    {
        "categoryID": "B4496A501AA3ED8A16008C06E004EFFC",
        "propertyId": "E814FF8637BB42A2933ACB7A461C5681",
        "indicatorGroupName": "Ashas_Language_Indicator_Group",
        "indicatorName": "Arabic",
        "indicatorGroupDesc": "Ashas_Language_Indicator_Group",
        "objectId": "6D6861F7561540E19BC6A588AB853861",
        "indicatorSource": "MOD",
        "aggUpdatedTimestamp": null,
        "indicatorCategory": "1",
        "colorCode": null,
        "thresholdDescription": null,
        "convertedAggregatedValue": null,
        "trend": null,
        "dataType": "numeric",
        "indicatorType": "Assessed,Measured,Calculated",
        "convertedUOMDesc": null,
        "UOM": "Gy",
        "convertedUOM": "Gy",
        "indicatorDesc": "Arabic",
        "indicatorColorCode": "#dd761c",
        "isFavorite": "0",
        "UOMDescription": "Gy",
        "Dimension": "ABSDOS",
        "DimensionDesc": "Absorbed Dose",
        "uomdescription": "Gy",
        "dimension": "ABSDOS",
        "dimensionDesc": "Absorbed Dose",
        "pstid": "05DA4D501AA3ED8A16008C06E004EFFC",
        "uom": "Gy"
    },
    {
        "categoryID": "B4496A501AA3ED8A16008C06E004EFFC",
        "propertyId": "26B8731D030944AF841EB2B5F9295C2C",
        "indicatorGroupName": "Ashas_Language_Indicator_Group",
        "indicatorName": "Turkish",
        "indicatorGroupDesc": "Ashas_Language_Indicator_Group",
        "objectId": "6D6861F7561540E19BC6A588AB853861",
        "indicatorSource": "MOD",
        "aggUpdatedTimestamp": null,
        "indicatorCategory": "1",
        "colorCode": null,
        "thresholdDescription": null,
        "convertedAggregatedValue": null,
        "trend": null,
        "dataType": "numericflexible",
        "indicatorType": "Assessed,Measured,Calculated",
        "convertedUOMDesc": null,
        "UOM": null,
        "convertedUOM": null,
        "indicatorDesc": "Turkish",
        "indicatorColorCode": "#59dd1c",
        "isFavorite": "0",
        "UOMDescription": null,
        "Dimension": null,
        "DimensionDesc": null,
        "uomdescription": null,
        "dimension": null,
        "dimensionDesc": null,
        "pstid": "05DA4D501AA3ED8A16008C06E004EFFC",
        "uom": null
    },
    {
        "categoryID": "B4496A501AA3ED8A16008C06E004EFFC",
        "propertyId": "71E8B7F7DAFB4A8694F2784CFB752836",
        "indicatorGroupName": "Ashas_Language_Indicator_Group",
        "indicatorName": "Swahili",
        "indicatorGroupDesc": "Ashas_Language_Indicator_Group",
        "objectId": "6D6861F7561540E19BC6A588AB853861",
        "indicatorSource": "MOD",
        "aggUpdatedTimestamp": null,
        "indicatorCategory": null,
        "colorCode": null,
        "thresholdDescription": null,
        "convertedAggregatedValue": null,
        "trend": null,
        "dataType": "date",
        "indicatorType": "Measured,Calculated,Assessed",
        "convertedUOMDesc": null,
        "UOM": null,
        "convertedUOM": null,
        "indicatorDesc": "Swahili",
        "indicatorColorCode": null,
        "isFavorite": "0",
        "UOMDescription": null,
        "Dimension": null,
        "DimensionDesc": null,
        "uomdescription": null,
        "dimension": null,
        "dimensionDesc": null,
        "pstid": "05DA4D501AA3ED8A16008C06E004EFFC",
        "uom": null
    },
    {
        "categoryID": "B4496A501AA3ED8A16008C06E004EFFC",
        "propertyId": "0441164DFEE747759F28EC80F570766D",
        "indicatorGroupName": "Ashas_Language_Indicator_Group",
        "indicatorName": "Mandarin",
        "indicatorGroupDesc": "Ashas_Language_Indicator_Group",
        "objectId": "6D6861F7561540E19BC6A588AB853861",
        "indicatorSource": "MOD",
        "aggUpdatedTimestamp": null,
        "indicatorCategory": null,
        "colorCode": null,
        "thresholdDescription": null,
        "convertedAggregatedValue": null,
        "trend": null,
        "dataType": "boolean",
        "indicatorType": "Calculated,Measured,Assessed",
        "convertedUOMDesc": null,
        "UOM": null,
        "convertedUOM": null,
        "indicatorDesc": "Mandarin",
        "indicatorColorCode": null,
        "isFavorite": "0",
        "UOMDescription": null,
        "Dimension": null,
        "DimensionDesc": null,
        "uomdescription": null,
        "dimension": null,
        "dimensionDesc": null,
        "pstid": "05DA4D501AA3ED8A16008C06E004EFFC",
        "uom": null
    },
    {
        "categoryID": "B4496A501AA3ED8A16008C06E004EFFC",
        "propertyId": "A6C68A3EE01346398C6730F87CFB8F3E",
        "indicatorGroupName": "Ashas_Language_Indicator_Group",
        "indicatorName": "Thai",
        "indicatorGroupDesc": "Ashas_Language_Indicator_Group",
        "objectId": "6D6861F7561540E19BC6A588AB853861",
        "indicatorSource": "MOD",
        "aggUpdatedTimestamp": null,
        "indicatorCategory": null,
        "colorCode": null,
        "thresholdDescription": null,
        "convertedAggregatedValue": null,
        "trend": null,
        "dataType": "string",
        "indicatorType": "Measured,Calculated,Assessed",
        "convertedUOMDesc": null,
        "UOM": null,
        "convertedUOM": null,
        "indicatorDesc": "Thai",
        "indicatorColorCode": null,
        "isFavorite": "0",
        "UOMDescription": null,
        "Dimension": null,
        "DimensionDesc": null,
        "uomdescription": null,
        "dimension": null,
        "dimensionDesc": null,
        "pstid": "05DA4D501AA3ED8A16008C06E004EFFC",
        "uom": null
    },
    {
        "categoryID": "B4496A501AA3ED8A16008C06E004EFFC",
        "propertyId": "12E1F96437D74F58B0B0C55C1BCB1AF6",
        "indicatorGroupName": "Ashas_Language_Indicator_Group",
        "indicatorName": "Urdu",
        "indicatorGroupDesc": "Ashas_Language_Indicator_Group",
        "objectId": "6D6861F7561540E19BC6A588AB853861",
        "indicatorSource": "MOD",
        "aggUpdatedTimestamp": null,
        "indicatorCategory": "2",
        "colorCode": null,
        "thresholdDescription": null,
        "convertedAggregatedValue": null,
        "trend": null,
        "dataType": "numeric",
        "indicatorType": "Measured,Calculated,Assessed",
        "convertedUOMDesc": null,
        "UOM": "flm",
        "convertedUOM": "flm",
        "indicatorDesc": "Urdu",
        "indicatorColorCode": "#dd1c93",
        "isFavorite": "0",
        "UOMDescription": "ft·lbf/min",
        "Dimension": "ACTIVE",
        "DimensionDesc": "Active Power",
        "uomdescription": "ft·lbf/min",
        "dimension": "ACTIVE",
        "dimensionDesc": "Active Power",
        "pstid": "05DA4D501AA3ED8A16008C06E004EFFC",
        "uom": "flm"
    }
]